request,Election_Jurisdiction:token,Election_Jurisdiction:id,Election_Jurisdiction,Election_Year:token,Election_Year:id,Election_Year,General_Party:token,General_Party:id,General_Party,#_of_Records,Total_$
dt=1&f-fc=1&c-exi=1&c-r-ot=L&s=CA&y=2018&c-t-p=1,s,CA,CA,y,2018,2018,c-t-p,1,Democratic,158891,99898789.90
dt=1&f-fc=1&c-exi=1&c-r-ot=L&s=CA&y=2016&c-t-p=1,s,CA,CA,y,2016,2016,c-t-p,1,Democratic,135592,78951162.92
dt=1&f-fc=1&c-exi=1&c-r-ot=L&s=CA&y=2014&c-t-p=1,s,CA,CA,y,2014,2014,c-t-p,1,Democratic,89681,71015701.13
dt=1&f-fc=1&c-exi=1&c-r-ot=L&s=CA&y=2012&c-t-p=1,s,CA,CA,y,2012,2012,c-t-p,1,Democratic,74468,68013727.24
dt=1&f-fc=1&c-exi=1&c-r-ot=L&s=OH&y=2012&c-t-p=2,s,OH,OH,y,2012,2012,c-t-p,2,Republican,50504,56855221.59
dt=1&f-fc=1&c-exi=1&c-r-ot=L&s=FL&y=2012&c-t-p=2,s,FL,FL,y,2012,2012,c-t-p,2,Republican,74828,53005524.48
dt=1&f-fc=1&c-exi=1&c-r-ot=L&s=CA&y=2012&c-t-p=2,s,CA,CA,y,2012,2012,c-t-p,2,Republican,42280,51119850.86
dt=1&f-fc=1&c-exi=1&c-r-ot=L&s=NY&y=2016&c-t-p=1,s,NY,NY,y,2016,2016,c-t-p,1,Democratic,68057,49531495.30
dt=1&f-fc=1&c-exi=1&c-r-ot=L&s=TX&y=2018&c-t-p=2,s,TX,TX,y,2018,2018,c-t-p,2,Republican,29569,49128520.80
dt=1&f-fc=1&c-exi=1&c-r-ot=L&s=NY&y=2014&c-t-p=1,s,NY,NY,y,2014,2014,c-t-p,1,Democratic,56589,48589218.69
dt=1&f-fc=1&c-exi=1&c-r-ot=L&s=CA&y=2016&c-t-p=2,s,CA,CA,y,2016,2016,c-t-p,2,Republican,34108,47145277.26
dt=1&f-fc=1&c-exi=1&c-r-ot=L&s=TX&y=2016&c-t-p=2,s,TX,TX,y,2016,2016,c-t-p,2,Republican,35599,46754816.64
dt=1&f-fc=1&c-exi=1&c-r-ot=L&s=CA&y=2014&c-t-p=2,s,CA,CA,y,2014,2014,c-t-p,2,Republican,42529,46654622.73
dt=1&f-fc=1&c-exi=1&c-r-ot=L&s=CA&y=2010&c-t-p=1,s,CA,CA,y,2010,2010,c-t-p,1,Democratic,50155,46344607.06
dt=1&f-fc=1&c-exi=1&c-r-ot=L&s=NY&y=2010&c-t-p=1,s,NY,NY,y,2010,2010,c-t-p,1,Democratic,46225,45095495.61
dt=1&f-fc=1&c-exi=1&c-r-ot=L&s=FL&y=2016&c-t-p=2,s,FL,FL,y,2016,2016,c-t-p,2,Republican,39517,44529710.69
dt=1&f-fc=1&c-exi=1&c-r-ot=L&s=NY&y=2012&c-t-p=1,s,NY,NY,y,2012,2012,c-t-p,1,Democratic,49238,44213227.12
dt=1&f-fc=1&c-exi=1&c-r-ot=L&s=CA&y=2010&c-t-p=2,s,CA,CA,y,2010,2010,c-t-p,2,Republican,46254,42988964.50
dt=1&f-fc=1&c-exi=1&c-r-ot=L&s=TX&y=2012&c-t-p=2,s,TX,TX,y,2012,2012,c-t-p,2,Republican,35528,41545263.23
dt=1&f-fc=1&c-exi=1&c-r-ot=L&s=FL&y=2016&c-t-p=1,s,FL,FL,y,2016,2016,c-t-p,1,Democratic,49992,40052260.67
dt=1&f-fc=1&c-exi=1&c-r-ot=L&s=NY&y=2018&c-t-p=1,s,NY,NY,y,2018,2018,c-t-p,1,Democratic,46021,40050532.57
dt=1&f-fc=1&c-exi=1&c-r-ot=L&s=TX&y=2014&c-t-p=2,s,TX,TX,y,2014,2014,c-t-p,2,Republican,32649,39768139.60
dt=1&f-fc=1&c-exi=1&c-r-ot=L&s=OH&y=2014&c-t-p=2,s,OH,OH,y,2014,2014,c-t-p,2,Republican,31529,38614128.26
dt=1&f-fc=1&c-exi=1&c-r-ot=L&s=CA&y=2018&c-t-p=2,s,CA,CA,y,2018,2018,c-t-p,2,Republican,27878,38422082.94
dt=1&f-fc=1&c-exi=1&c-r-ot=L&s=TX&y=2018&c-t-p=1,s,TX,TX,y,2018,2018,c-t-p,1,Democratic,45331,33873477.92
dt=1&f-fc=1&c-exi=1&c-r-ot=L&s=OH&y=2010&c-t-p=2,s,OH,OH,y,2010,2010,c-t-p,2,Republican,38864,32947457.44
dt=1&f-fc=1&c-exi=1&c-r-ot=L&s=TX&y=2010&c-t-p=2,s,TX,TX,y,2010,2010,c-t-p,2,Republican,31636,32706822.93
dt=1&f-fc=1&c-exi=1&c-r-ot=L&s=MD&y=2016&c-t-p=1,s,MD,MD,y,2016,2016,c-t-p,1,Democratic,22261,32217952.38
dt=1&f-fc=1&c-exi=1&c-r-ot=L&s=IL&y=2018&c-t-p=1,s,IL,IL,y,2018,2018,c-t-p,1,Democratic,59470,31551824.51
dt=1&f-fc=1&c-exi=1&c-r-ot=L&s=FL&y=2014&c-t-p=2,s,FL,FL,y,2014,2014,c-t-p,2,Republican,24357,31515724.04
dt=1&f-fc=1&c-exi=1&c-r-ot=L&s=FL&y=2010&c-t-p=2,s,FL,FL,y,2010,2010,c-t-p,2,Republican,36612,30744799.02
dt=1&f-fc=1&c-exi=1&c-r-ot=L&s=IL&y=2012&c-t-p=2,s,IL,IL,y,2012,2012,c-t-p,2,Republican,27913,30145097.74
dt=1&f-fc=1&c-exi=1&c-r-ot=L&s=GA&y=2017&c-t-p=1,s,GA,GA,y,2017,2017,c-t-p,1,Democratic,168740,29654510.01
dt=1&f-fc=1&c-exi=1&c-r-ot=L&s=FL&y=2012&c-t-p=1,s,FL,FL,y,2012,2012,c-t-p,1,Democratic,48427,29581154.64
dt=1&f-fc=1&c-exi=1&c-r-ot=L&s=PA&y=2010&c-t-p=2,s,PA,PA,y,2010,2010,c-t-p,2,Republican,36461,28741459.70
dt=1&f-fc=1&c-exi=1&c-r-ot=L&s=WI&y=2016&c-t-p=2,s,WI,WI,y,2016,2016,c-t-p,2,Republican,60972,28187599.47
dt=1&f-fc=1&c-exi=1&c-r-ot=L&s=PA&y=2010&c-t-p=1,s,PA,PA,y,2010,2010,c-t-p,1,Democratic,31440,27935246.94
dt=1&f-fc=1&c-exi=1&c-r-ot=L&s=MD&y=2018&c-t-p=1,s,MD,MD,y,2018,2018,c-t-p,1,Democratic,14529,27916694.87
dt=1&f-fc=1&c-exi=1&c-r-ot=L&s=FL&y=2018&c-t-p=1,s,FL,FL,y,2018,2018,c-t-p,1,Democratic,47642,27565499.22
dt=1&f-fc=1&c-exi=1&c-r-ot=L&s=FL&y=2010&c-t-p=1,s,FL,FL,y,2010,2010,c-t-p,1,Democratic,30532,27212058.28
dt=1&f-fc=1&c-exi=1&c-r-ot=L&s=FL&y=2014&c-t-p=1,s,FL,FL,y,2014,2014,c-t-p,1,Democratic,43244,26540225.94
dt=1&f-fc=1&c-exi=1&c-r-ot=L&s=NY&y=2010&c-t-p=2,s,NY,NY,y,2010,2010,c-t-p,2,Republican,19537,25805000.71
dt=1&f-fc=1&c-exi=1&c-r-ot=L&s=IL&y=2012&c-t-p=1,s,IL,IL,y,2012,2012,c-t-p,1,Democratic,62546,25659823.31
dt=1&f-fc=1&c-exi=1&c-r-ot=L&s=TX&y=2012&c-t-p=1,s,TX,TX,y,2012,2012,c-t-p,1,Democratic,18569,25642124.09
dt=1&f-fc=1&c-exi=1&c-r-ot=L&s=NY&y=2014&c-t-p=2,s,NY,NY,y,2014,2014,c-t-p,2,Republican,20007,25475198.82
dt=1&f-fc=1&c-exi=1&c-r-ot=L&s=PA&y=2016&c-t-p=2,s,PA,PA,y,2016,2016,c-t-p,2,Republican,19952,24904315.50
dt=1&f-fc=1&c-exi=1&c-r-ot=L&s=NY&y=2016&c-t-p=2,s,NY,NY,y,2016,2016,c-t-p,2,Republican,22314,24888064.05
dt=1&f-fc=1&c-exi=1&c-r-ot=L&s=VA&y=2010&c-t-p=2,s,VA,VA,y,2010,2010,c-t-p,2,Republican,21537,24589546.77
dt=1&f-fc=1&c-exi=1&c-r-ot=L&s=NY&y=2012&c-t-p=2,s,NY,NY,y,2012,2012,c-t-p,2,Republican,21314,24489255.21
dt=1&f-fc=1&c-exi=1&c-r-ot=L&s=IL&y=2016&c-t-p=1,s,IL,IL,y,2016,2016,c-t-p,1,Democratic,57831,24454215.98
dt=1&f-fc=1&c-exi=1&c-r-ot=L&s=MN&y=2012&c-t-p=2,s,MN,MN,y,2012,2012,c-t-p,2,Republican,42943,24321230.05
dt=1&f-fc=1&c-exi=1&c-r-ot=L&s=NJ&y=2018&c-t-p=1,s,NJ,NJ,y,2018,2018,c-t-p,1,Democratic,28543,23961180.44
dt=1&f-fc=1&c-exi=1&c-r-ot=L&s=MI&y=2014&c-t-p=2,s,MI,MI,y,2014,2014,c-t-p,2,Republican,16114,23831931.02
dt=1&f-fc=1&c-exi=1&c-r-ot=L&s=IL&y=2014&c-t-p=1,s,IL,IL,y,2014,2014,c-t-p,1,Democratic,39454,23650988.38
dt=1&f-fc=1&c-exi=1&c-r-ot=L&s=FL&y=2018&c-t-p=2,s,FL,FL,y,2018,2018,c-t-p,2,Republican,21702,23388019.37
dt=1&f-fc=1&c-exi=1&c-r-ot=L&s=PA&y=2014&c-t-p=2,s,PA,PA,y,2014,2014,c-t-p,2,Republican,20736,23344862.73
dt=1&f-fc=1&c-exi=1&c-r-ot=L&s=IL&y=2016&c-t-p=2,s,IL,IL,y,2016,2016,c-t-p,2,Republican,18713,22797212.91
dt=1&f-fc=1&c-exi=1&c-r-ot=L&s=PA&y=2012&c-t-p=2,s,PA,PA,y,2012,2012,c-t-p,2,Republican,21415,22007135.52
dt=1&f-fc=1&c-exi=1&c-r-ot=L&s=IL&y=2010&c-t-p=1,s,IL,IL,y,2010,2010,c-t-p,1,Democratic,24701,21718127.98
dt=1&f-fc=1&c-exi=1&c-r-ot=L&s=OH&y=2016&c-t-p=2,s,OH,OH,y,2016,2016,c-t-p,2,Republican,18391,21690551.00
dt=1&f-fc=1&c-exi=1&c-r-ot=L&s=IL&y=2014&c-t-p=2,s,IL,IL,y,2014,2014,c-t-p,2,Republican,18727,21548587.47
dt=1&f-fc=1&c-exi=1&c-r-ot=L&s=MI&y=2010&c-t-p=2,s,MI,MI,y,2010,2010,c-t-p,2,Republican,20900,21029478.32
dt=1&f-fc=1&c-exi=1&c-r-ot=L&s=IL&y=2010&c-t-p=2,s,IL,IL,y,2010,2010,c-t-p,2,Republican,26279,20870393.71
dt=1&f-fc=1&c-exi=1&c-r-ot=L&s=VA&y=2012&c-t-p=2,s,VA,VA,y,2012,2012,c-t-p,2,Republican,16768,20649753.93
dt=1&f-fc=1&c-exi=1&c-r-ot=L&s=MN&y=2010&c-t-p=2,s,MN,MN,y,2010,2010,c-t-p,2,Republican,46275,20109555.36
dt=1&f-fc=1&c-exi=1&c-r-ot=L&s=NC&y=2012&c-t-p=2,s,NC,NC,y,2012,2012,c-t-p,2,Republican,19510,19998004.49
dt=1&f-fc=1&c-exi=1&c-r-ot=L&s=VA&y=2014&c-t-p=2,s,VA,VA,y,2014,2014,c-t-p,2,Republican,17239,19489901.72
dt=1&f-fc=1&c-exi=1&c-r-ot=L&s=MA&y=2018&c-t-p=1,s,MA,MA,y,2018,2018,c-t-p,1,Democratic,23317,19246847.38
dt=1&f-fc=1&c-exi=1&c-r-ot=L&s=NC&y=2016&c-t-p=2,s,NC,NC,y,2016,2016,c-t-p,2,Republican,16100,18941561.29
dt=1&f-fc=1&c-exi=1&c-r-ot=L&s=OH&y=2018&c-t-p=2,s,OH,OH,y,2018,2018,c-t-p,2,Republican,12914,18717526.82
dt=1&f-fc=1&c-exi=1&c-r-ot=L&s=GA&y=2014&c-t-p=2,s,GA,GA,y,2014,2014,c-t-p,2,Republican,18271,18674342.63
dt=1&f-fc=1&c-exi=1&c-r-ot=L&s=MI&y=2012&c-t-p=2,s,MI,MI,y,2012,2012,c-t-p,2,Republican,15704,18540208.53
dt=1&f-fc=1&c-exi=1&c-r-ot=L&s=MI&y=2016&c-t-p=2,s,MI,MI,y,2016,2016,c-t-p,2,Republican,11902,18299401.83
dt=1&f-fc=1&c-exi=1&c-r-ot=L&s=TN&y=2010&c-t-p=2,s,TN,TN,y,2010,2010,c-t-p,2,Republican,12941,18245813.72
dt=1&f-fc=1&c-exi=1&c-r-ot=L&s=IL&y=2018&c-t-p=2,s,IL,IL,y,2018,2018,c-t-p,2,Republican,12727,17932711.52
dt=1&f-fc=1&c-exi=1&c-r-ot=L&s=MA&y=2014&c-t-p=1,s,MA,MA,y,2014,2014,c-t-p,1,Democratic,20799,17898044.96
dt=1&f-fc=1&c-exi=1&c-r-ot=L&s=OH&y=2010&c-t-p=1,s,OH,OH,y,2010,2010,c-t-p,1,Democratic,19780,17538147.17
dt=1&f-fc=1&c-exi=1&c-r-ot=L&s=AZ&y=2016&c-t-p=2,s,AZ,AZ,y,2016,2016,c-t-p,2,Republican,23614,17442925.77
dt=1&f-fc=1&c-exi=1&c-r-ot=L&s=NY&y=2018&c-t-p=2,s,NY,NY,y,2018,2018,c-t-p,2,Republican,14008,17289794.62
dt=1&f-fc=1&c-exi=1&c-r-ot=L&s=MA&y=2010&c-t-p=1,s,MA,MA,y,2010,2010,c-t-p,1,Democratic,22128,16984258.07
dt=1&f-fc=1&c-exi=1&c-r-ot=L&s=TX&y=2016&c-t-p=1,s,TX,TX,y,2016,2016,c-t-p,1,Democratic,13897,16846073.64
dt=1&f-fc=1&c-exi=1&c-r-ot=L&s=WI&y=2014&c-t-p=2,s,WI,WI,y,2014,2014,c-t-p,2,Republican,72291,16818504.97
dt=1&f-fc=1&c-exi=1&c-r-ot=L&s=PA&y=2012&c-t-p=1,s,PA,PA,y,2012,2012,c-t-p,1,Democratic,19690,16814992.28
dt=1&f-fc=1&c-exi=1&c-r-ot=L&s=IN&y=2016&c-t-p=2,s,IN,IN,y,2016,2016,c-t-p,2,Republican,12229,16770336.61
dt=1&f-fc=1&c-exi=1&c-r-ot=L&s=NC&y=2018&c-t-p=2,s,NC,NC,y,2018,2018,c-t-p,2,Republican,11991,16515066.36
dt=1&f-fc=1&c-exi=1&c-r-ot=L&s=CO&y=2012&c-t-p=2,s,CO,CO,y,2012,2012,c-t-p,2,Republican,14199,16480723.49
dt=1&f-fc=1&c-exi=1&c-r-ot=L&s=MD&y=2012&c-t-p=1,s,MD,MD,y,2012,2012,c-t-p,1,Democratic,10535,16224437.67
dt=1&f-fc=1&c-exi=1&c-r-ot=L&s=MI&y=2010&c-t-p=1,s,MI,MI,y,2010,2010,c-t-p,1,Democratic,17630,16145575.50
dt=1&f-fc=1&c-exi=1&c-r-ot=L&s=VA&y=2018&c-t-p=1,s,VA,VA,y,2018,2018,c-t-p,1,Democratic,22695,15982178.21
dt=1&f-fc=1&c-exi=1&c-r-ot=L&s=GA&y=2012&c-t-p=2,s,GA,GA,y,2012,2012,c-t-p,2,Republican,17104,15784551.20
dt=1&f-fc=1&c-exi=1&c-r-ot=L&s=AZ&y=2014&c-t-p=1,s,AZ,AZ,y,2014,2014,c-t-p,1,Democratic,29863,15756296.39
dt=1&f-fc=1&c-exi=1&c-r-ot=L&s=MN&y=2016&c-t-p=1,s,MN,MN,y,2016,2016,c-t-p,1,Democratic,22526,15543744.75
dt=1&f-fc=1&c-exi=1&c-r-ot=L&s=MA&y=2012&c-t-p=1,s,MA,MA,y,2012,2012,c-t-p,1,Democratic,21052,15503523.26
dt=1&f-fc=1&c-exi=1&c-r-ot=L&s=AZ&y=2010&c-t-p=2,s,AZ,AZ,y,2010,2010,c-t-p,2,Republican,19605,15486102.59
dt=1&f-fc=1&c-exi=1&c-r-ot=L&s=TX&y=2010&c-t-p=1,s,TX,TX,y,2010,2010,c-t-p,1,Democratic,13761,15441820.74
dt=1&f-fc=1&c-exi=1&c-r-ot=L&s=GA&y=2017&c-t-p=2,s,GA,GA,y,2017,2017,c-t-p,2,Republican,12085,15136746.55
dt=1&f-fc=1&c-exi=1&c-r-ot=L&s=MI&y=2012&c-t-p=1,s,MI,MI,y,2012,2012,c-t-p,1,Democratic,16954,14991876.38
dt=1&f-fc=1&c-exi=1&c-r-ot=L&s=MA&y=2016&c-t-p=1,s,MA,MA,y,2016,2016,c-t-p,1,Democratic,17071,14772830.42
dt=1&f-fc=1&c-exi=1&c-r-ot=L&s=NC&y=2014&c-t-p=2,s,NC,NC,y,2014,2014,c-t-p,2,Republican,15069,14730113.49
dt=1&f-fc=1&c-exi=1&c-r-ot=L&s=WA&y=2018&c-t-p=1,s,WA,WA,y,2018,2018,c-t-p,1,Democratic,23008,14665808.80
dt=1&f-fc=1&c-exi=1&c-r-ot=L&s=MI&y=2018&c-t-p=1,s,MI,MI,y,2018,2018,c-t-p,1,Democratic,24359,14648861.03
dt=1&f-fc=1&c-exi=1&c-r-ot=L&s=VA&y=2010&c-t-p=1,s,VA,VA,y,2010,2010,c-t-p,1,Democratic,16324,14574231.40
dt=1&f-fc=1&c-exi=1&c-r-ot=L&s=MI&y=2018&c-t-p=2,s,MI,MI,y,2018,2018,c-t-p,2,Republican,10452,14453808.47
dt=1&f-fc=1&c-exi=1&c-r-ot=L&s=TN&y=2016&c-t-p=2,s,TN,TN,y,2016,2016,c-t-p,2,Republican,8891,14371833.53
dt=1&f-fc=1&c-exi=1&c-r-ot=L&s=AZ&y=2012&c-t-p=2,s,AZ,AZ,y,2012,2012,c-t-p,2,Republican,14197,14315051.73
dt=1&f-fc=1&c-exi=1&c-r-ot=L&s=NJ&y=2016&c-t-p=1,s,NJ,NJ,y,2016,2016,c-t-p,1,Democratic,14962,14175086.50
dt=1&f-fc=1&c-exi=1&c-r-ot=L&s=NJ&y=2014&c-t-p=2,s,NJ,NJ,y,2014,2014,c-t-p,2,Republican,9285,14136029.12
dt=1&f-fc=1&c-exi=1&c-r-ot=L&s=GA&y=2010&c-t-p=2,s,GA,GA,y,2010,2010,c-t-p,2,Republican,13631,13988309.81
dt=1&f-fc=1&c-exi=1&c-r-ot=L&s=GA&y=2016&c-t-p=2,s,GA,GA,y,2016,2016,c-t-p,2,Republican,11809,13923501.28
dt=1&f-fc=1&c-exi=1&c-r-ot=L&s=WA&y=2016&c-t-p=1,s,WA,WA,y,2016,2016,c-t-p,1,Democratic,19795,13795103.16
dt=1&f-fc=1&c-exi=1&c-r-ot=L&s=WA&y=2012&c-t-p=1,s,WA,WA,y,2012,2012,c-t-p,1,Democratic,13959,13781845.25
dt=1&f-fc=1&c-exi=1&c-r-ot=L&s=IN&y=2010&c-t-p=2,s,IN,IN,y,2010,2010,c-t-p,2,Republican,16097,13722460.58
dt=1&f-fc=1&c-exi=1&c-r-ot=L&s=WI&y=2018&c-t-p=1,s,WI,WI,y,2018,2018,c-t-p,1,Democratic,45172,13664849.44
dt=1&f-fc=1&c-exi=1&c-r-ot=L&s=TX&y=2014&c-t-p=1,s,TX,TX,y,2014,2014,c-t-p,1,Democratic,12579,13651134.18
dt=1&f-fc=1&c-exi=1&c-r-ot=L&s=CT&y=2012&c-t-p=1,s,CT,CT,y,2012,2012,c-t-p,1,Democratic,14650,13634214.42
dt=1&f-fc=1&c-exi=1&c-r-ot=L&s=NJ&y=2010&c-t-p=1,s,NJ,NJ,y,2010,2010,c-t-p,1,Democratic,15368,13586559.47
dt=1&f-fc=1&c-exi=1&c-r-ot=L&s=PA&y=2018&c-t-p=1,s,PA,PA,y,2018,2018,c-t-p,1,Democratic,16664,13569025.18
dt=1&f-fc=1&c-exi=1&c-r-ot=L&s=LA&y=2014&c-t-p=2,s,LA,LA,y,2014,2014,c-t-p,2,Republican,11408,13471471.93
dt=1&f-fc=1&c-exi=1&c-r-ot=L&s=TN&y=2012&c-t-p=2,s,TN,TN,y,2012,2012,c-t-p,2,Republican,10394,13410894.67
dt=1&f-fc=1&c-exi=1&c-r-ot=L&s=MI&y=2016&c-t-p=1,s,MI,MI,y,2016,2016,c-t-p,1,Democratic,23323,13393246.94
dt=1&f-fc=1&c-exi=1&c-r-ot=L&s=SC&y=2010&c-t-p=2,s,SC,SC,y,2010,2010,c-t-p,2,Republican,13109,13336590.69
dt=1&f-fc=1&c-exi=1&c-r-ot=L&s=MN&y=2010&c-t-p=1,s,MN,MN,y,2010,2010,c-t-p,1,Democratic,18521,13327494.49
dt=1&f-fc=1&c-exi=1&c-r-ot=L&s=NJ&y=2014&c-t-p=1,s,NJ,NJ,y,2014,2014,c-t-p,1,Democratic,14379,13272086.77
dt=1&f-fc=1&c-exi=1&c-r-ot=L&s=LA&y=2016&c-t-p=2,s,LA,LA,y,2016,2016,c-t-p,2,Republican,9234,13211998.78
dt=1&f-fc=1&c-exi=1&c-r-ot=L&s=VA&y=2016&c-t-p=2,s,VA,VA,y,2016,2016,c-t-p,2,Republican,13004,13062003.35
dt=1&f-fc=1&c-exi=1&c-r-ot=L&s=LA&y=2012&c-t-p=2,s,LA,LA,y,2012,2012,c-t-p,2,Republican,10807,12811198.03
dt=1&f-fc=1&c-exi=1&c-r-ot=L&s=MN&y=2016&c-t-p=2,s,MN,MN,y,2016,2016,c-t-p,2,Republican,10193,12757665.38
dt=1&f-fc=1&c-exi=1&c-r-ot=L&s=NJ&y=2012&c-t-p=1,s,NJ,NJ,y,2012,2012,c-t-p,1,Democratic,15219,12680910.89
dt=1&f-fc=1&c-exi=1&c-r-ot=L&s=MD&y=2010&c-t-p=1,s,MD,MD,y,2010,2010,c-t-p,1,Democratic,11137,12491329.91
dt=1&f-fc=1&c-exi=1&c-r-ot=L&s=CA&y=2012&c-t-p=3,s,CA,CA,y,2012,2012,c-t-p,3,Third-Party,1237,12430783.12
dt=1&f-fc=1&c-exi=1&c-r-ot=L&s=PA&y=2016&c-t-p=1,s,PA,PA,y,2016,2016,c-t-p,1,Democratic,20510,12381290.75
dt=1&f-fc=1&c-exi=1&c-r-ot=L&s=WA&y=2010&c-t-p=1,s,WA,WA,y,2010,2010,c-t-p,1,Democratic,11494,12364889.57
dt=1&f-fc=1&c-exi=1&c-r-ot=L&s=KS&y=2010&c-t-p=2,s,KS,KS,y,2010,2010,c-t-p,2,Republican,12197,12239614.32
dt=1&f-fc=1&c-exi=1&c-r-ot=L&s=VA&y=2014&c-t-p=1,s,VA,VA,y,2014,2014,c-t-p,1,Democratic,16867,12156885.70
dt=1&f-fc=1&c-exi=1&c-r-ot=L&s=WI&y=2012&c-t-p=2,s,WI,WI,y,2012,2012,c-t-p,2,Republican,32300,12136638.12
dt=1&f-fc=1&c-exi=1&c-r-ot=L&s=AZ&y=2018&c-t-p=1,s,AZ,AZ,y,2018,2018,c-t-p,1,Democratic,27744,12105189.01
dt=1&f-fc=1&c-exi=1&c-r-ot=L&s=AZ&y=2012&c-t-p=1,s,AZ,AZ,y,2012,2012,c-t-p,1,Democratic,17061,12023580.61
dt=1&f-fc=1&c-exi=1&c-r-ot=L&s=TN&y=2018&c-t-p=2,s,TN,TN,y,2018,2018,c-t-p,2,Republican,6826,11926437.39
dt=1&f-fc=1&c-exi=1&c-r-ot=L&s=OH&y=2018&c-t-p=1,s,OH,OH,y,2018,2018,c-t-p,1,Democratic,27143,11890549.81
dt=1&f-fc=1&c-exi=1&c-r-ot=L&s=MN&y=2014&c-t-p=2,s,MN,MN,y,2014,2014,c-t-p,2,Republican,10960,11886521.81
dt=1&f-fc=1&c-exi=1&c-r-ot=L&s=AZ&y=2010&c-t-p=1,s,AZ,AZ,y,2010,2010,c-t-p,1,Democratic,14712,11835481.05
dt=1&f-fc=1&c-exi=1&c-r-ot=L&s=MN&y=2012&c-t-p=1,s,MN,MN,y,2012,2012,c-t-p,1,Democratic,17367,11761696.53
dt=1&f-fc=1&c-exi=1&c-r-ot=L&s=IN&y=2014&c-t-p=2,s,IN,IN,y,2014,2014,c-t-p,2,Republican,10593,11757700.17
dt=1&f-fc=1&c-exi=1&c-r-ot=L&s=NC&y=2010&c-t-p=2,s,NC,NC,y,2010,2010,c-t-p,2,Republican,11934,11654068.89
dt=1&f-fc=1&c-exi=1&c-r-ot=L&s=CT&y=2010&c-t-p=1,s,CT,CT,y,2010,2010,c-t-p,1,Democratic,13729,11608801.80
dt=1&f-fc=1&c-exi=1&c-r-ot=L&s=MD&y=2014&c-t-p=1,s,MD,MD,y,2014,2014,c-t-p,1,Democratic,9986,11551173.14
dt=1&f-fc=1&c-exi=1&c-r-ot=L&s=MI&y=2014&c-t-p=1,s,MI,MI,y,2014,2014,c-t-p,1,Democratic,17736,11516342.86
dt=1&f-fc=1&c-exi=1&c-r-ot=L&s=NJ&y=2010&c-t-p=2,s,NJ,NJ,y,2010,2010,c-t-p,2,Republican,9900,11392194.48
dt=1&f-fc=1&c-exi=1&c-r-ot=L&s=LA&y=2010&c-t-p=2,s,LA,LA,y,2010,2010,c-t-p,2,Republican,11373,11375640.85
dt=1&f-fc=1&c-exi=1&c-r-ot=L&s=AZ&y=2014&c-t-p=2,s,AZ,AZ,y,2014,2014,c-t-p,2,Republican,12099,10959080.44
dt=1&f-fc=1&c-exi=1&c-r-ot=L&s=AL&y=2014&c-t-p=2,s,AL,AL,y,2014,2014,c-t-p,2,Republican,8416,10956440.04
dt=1&f-fc=1&c-exi=1&c-r-ot=L&s=WA&y=2012&c-t-p=2,s,WA,WA,y,2012,2012,c-t-p,2,Republican,9358,10948854.86
dt=1&f-fc=1&c-exi=1&c-r-ot=L&s=PA&y=2014&c-t-p=1,s,PA,PA,y,2014,2014,c-t-p,1,Democratic,14457,10938429.72
dt=1&f-fc=1&c-exi=1&c-r-ot=L&s=VA&y=2018&c-t-p=2,s,VA,VA,y,2018,2018,c-t-p,2,Republican,9992,10774275.42
dt=1&f-fc=1&c-exi=1&c-r-ot=L&s=MO&y=2010&c-t-p=2,s,MO,MO,y,2010,2010,c-t-p,2,Republican,16849,10680360.13
dt=1&f-fc=1&c-exi=1&c-r-ot=L&s=CO&y=2014&c-t-p=1,s,CO,CO,y,2014,2014,c-t-p,1,Democratic,23379,10617573.59
dt=1&f-fc=1&c-exi=1&c-r-ot=L&s=IN&y=2012&c-t-p=2,s,IN,IN,y,2012,2012,c-t-p,2,Republican,11555,10585346.70
dt=1&f-fc=1&c-exi=1&c-r-ot=L&s=MN&y=2018&c-t-p=2,s,MN,MN,y,2018,2018,c-t-p,2,Republican,8631,10545374.50
dt=1&f-fc=1&c-exi=1&c-r-ot=L&s=NJ&y=2016&c-t-p=2,s,NJ,NJ,y,2016,2016,c-t-p,2,Republican,9293,10543969.19
dt=1&f-fc=1&c-exi=1&c-r-ot=L&s=TN&y=2014&c-t-p=2,s,TN,TN,y,2014,2014,c-t-p,2,Republican,9964,10543401.10
dt=1&f-fc=1&c-exi=1&c-r-ot=L&s=WI&y=2010&c-t-p=2,s,WI,WI,y,2010,2010,c-t-p,2,Republican,13591,10306327.51
dt=1&f-fc=1&c-exi=1&c-r-ot=L&s=AZ&y=2016&c-t-p=1,s,AZ,AZ,y,2016,2016,c-t-p,1,Democratic,15895,10278592.44
dt=1&f-fc=1&c-exi=1&c-r-ot=L&s=VA&y=2016&c-t-p=1,s,VA,VA,y,2016,2016,c-t-p,1,Democratic,14636,10236876.59
dt=1&f-fc=1&c-exi=1&c-r-ot=L&s=OH&y=2012&c-t-p=1,s,OH,OH,y,2012,2012,c-t-p,1,Democratic,11767,10227859.20
dt=1&f-fc=1&c-exi=1&c-r-ot=L&s=IN&y=2018&c-t-p=2,s,IN,IN,y,2018,2018,c-t-p,2,Republican,6961,10221352.22
dt=1&f-fc=1&c-exi=1&c-r-ot=L&s=MO&y=2016&c-t-p=2,s,MO,MO,y,2016,2016,c-t-p,2,Republican,7650,10186577.67
dt=1&f-fc=1&c-exi=1&c-r-ot=L&s=MO&y=2018&c-t-p=2,s,MO,MO,y,2018,2018,c-t-p,2,Republican,6534,10091525.48
dt=1&f-fc=1&c-exi=1&c-r-ot=L&s=IA&y=2014&c-t-p=1,s,IA,IA,y,2014,2014,c-t-p,1,Democratic,36271,10017823.22
dt=1&f-fc=1&c-exi=1&c-r-ot=L&s=MO&y=2012&c-t-p=2,s,MO,MO,y,2012,2012,c-t-p,2,Republican,10532,9934815.23
dt=1&f-fc=1&c-exi=1&c-r-ot=L&s=CO&y=2010&c-t-p=1,s,CO,CO,y,2010,2010,c-t-p,1,Democratic,14067,9816207.94
dt=1&f-fc=1&c-exi=1&c-r-ot=L&s=WA&y=2014&c-t-p=1,s,WA,WA,y,2014,2014,c-t-p,1,Democratic,10759,9775678.93
dt=1&f-fc=1&c-exi=1&c-r-ot=L&s=GA&y=2018&c-t-p=1,s,GA,GA,y,2018,2018,c-t-p,1,Democratic,38937,9735029.05
dt=1&f-fc=1&c-exi=1&c-r-ot=L&s=WA&y=2018&c-t-p=2,s,WA,WA,y,2018,2018,c-t-p,2,Republican,8758,9703810.30
dt=1&f-fc=1&c-exi=1&c-r-ot=L&s=NJ&y=2012&c-t-p=2,s,NJ,NJ,y,2012,2012,c-t-p,2,Republican,8756,9685333.04
dt=1&f-fc=1&c-exi=1&c-r-ot=L&s=IA&y=2012&c-t-p=2,s,IA,IA,y,2012,2012,c-t-p,2,Republican,10036,9684567.55
dt=1&f-fc=1&c-exi=1&c-r-ot=L&s=CO&y=2016&c-t-p=1,s,CO,CO,y,2016,2016,c-t-p,1,Democratic,13381,9631090.25
dt=1&f-fc=1&c-exi=1&c-r-ot=L&s=CT&y=2014&c-t-p=1,s,CT,CT,y,2014,2014,c-t-p,1,Democratic,10627,9586137.81
dt=1&f-fc=1&c-exi=1&c-r-ot=L&s=CT&y=2012&c-t-p=2,s,CT,CT,y,2012,2012,c-t-p,2,Republican,6589,9578019.41
dt=1&f-fc=1&c-exi=1&c-r-ot=L&s=CO&y=2014&c-t-p=2,s,CO,CO,y,2014,2014,c-t-p,2,Republican,10078,9575050.96
dt=1&f-fc=1&c-exi=1&c-r-ot=L&s=IA&y=2012&c-t-p=1,s,IA,IA,y,2012,2012,c-t-p,1,Democratic,16341,9473744.85
dt=1&f-fc=1&c-exi=1&c-r-ot=L&s=MN&y=2014&c-t-p=1,s,MN,MN,y,2014,2014,c-t-p,1,Democratic,13218,9419795.01
dt=1&f-fc=1&c-exi=1&c-r-ot=L&s=AL&y=2012&c-t-p=2,s,AL,AL,y,2012,2012,c-t-p,2,Republican,7479,9329027.34
dt=1&f-fc=1&c-exi=1&c-r-ot=L&s=CO&y=2012&c-t-p=1,s,CO,CO,y,2012,2012,c-t-p,1,Democratic,20174,9236843.02
dt=1&f-fc=1&c-exi=1&c-r-ot=L&s=KY&y=2012&c-t-p=2,s,KY,KY,y,2012,2012,c-t-p,2,Republican,8272,9231379.10
dt=1&f-fc=1&c-exi=1&c-r-ot=L&s=WI&y=2012&c-t-p=1,s,WI,WI,y,2012,2012,c-t-p,1,Democratic,24435,9226426.50
dt=1&f-fc=1&c-exi=1&c-r-ot=L&s=UT&y=2016&c-t-p=2,s,UT,UT,y,2016,2016,c-t-p,2,Republican,18560,9091652.76
dt=1&f-fc=1&c-exi=1&c-r-ot=L&s=NC&y=2012&c-t-p=1,s,NC,NC,y,2012,2012,c-t-p,1,Democratic,11597,9067601.75
dt=1&f-fc=1&c-exi=1&c-r-ot=L&s=WA&y=2010&c-t-p=2,s,WA,WA,y,2010,2010,c-t-p,2,Republican,10898,9056631.54
dt=1&f-fc=1&c-exi=1&c-r-ot=L&s=VA&y=2012&c-t-p=1,s,VA,VA,y,2012,2012,c-t-p,1,Democratic,22442,8987652.77
dt=1&f-fc=1&c-exi=1&c-r-ot=L&s=SC&y=2010&c-t-p=1,s,SC,SC,y,2010,2010,c-t-p,1,Democratic,8704,8856845.19
dt=1&f-fc=1&c-exi=1&c-r-ot=L&s=AL&y=2010&c-t-p=2,s,AL,AL,y,2010,2010,c-t-p,2,Republican,9621,8855258.35
dt=1&f-fc=1&c-exi=1&c-r-ot=L&s=KS&y=2014&c-t-p=2,s,KS,KS,y,2014,2014,c-t-p,2,Republican,7367,8713397.47
dt=1&f-fc=1&c-exi=1&c-r-ot=L&s=OK&y=2012&c-t-p=2,s,OK,OK,y,2012,2012,c-t-p,2,Republican,8343,8700221.24
dt=1&f-fc=1&c-exi=1&c-r-ot=L&s=NC&y=2010&c-t-p=1,s,NC,NC,y,2010,2010,c-t-p,1,Democratic,9135,8674618.43
dt=1&f-fc=1&c-exi=1&c-r-ot=L&s=GA&y=2018&c-t-p=2,s,GA,GA,y,2018,2018,c-t-p,2,Republican,7076,8656642.19
dt=1&f-fc=1&c-exi=1&c-r-ot=L&s=KS&y=2016&c-t-p=2,s,KS,KS,y,2016,2016,c-t-p,2,Republican,6322,8640402.53
dt=1&f-fc=1&c-exi=1&c-r-ot=L&s=LA&y=2018&c-t-p=2,s,LA,LA,y,2018,2018,c-t-p,2,Republican,5886,8631617.76
dt=1&f-fc=1&c-exi=1&c-r-ot=L&s=AR&y=2012&c-t-p=2,s,AR,AR,y,2012,2012,c-t-p,2,Republican,8534,8590126.46
dt=1&f-fc=1&c-exi=1&c-r-ot=L&s=WA&y=2014&c-t-p=2,s,WA,WA,y,2014,2014,c-t-p,2,Republican,8831,8480585.70
dt=1&f-fc=1&c-exi=1&c-r-ot=L&s=MN&y=2018&c-t-p=1,s,MN,MN,y,2018,2018,c-t-p,1,Democratic,42652,8469149.25
dt=1&f-fc=1&c-exi=1&c-r-ot=L&s=OR&y=2012&c-t-p=1,s,OR,OR,y,2012,2012,c-t-p,1,Democratic,8923,8372288.83
dt=1&f-fc=1&c-exi=1&c-r-ot=L&s=MO&y=2010&c-t-p=1,s,MO,MO,y,2010,2010,c-t-p,1,Democratic,8938,8211979.53
dt=1&f-fc=1&c-exi=1&c-r-ot=L&s=SC&y=2012&c-t-p=2,s,SC,SC,y,2012,2012,c-t-p,2,Republican,8760,8181322.01
dt=1&f-fc=1&c-exi=1&c-r-ot=L&s=CO&y=2018&c-t-p=1,s,CO,CO,y,2018,2018,c-t-p,1,Democratic,10684,8150214.20
dt=1&f-fc=1&c-exi=1&c-r-ot=L&s=IA&y=2014&c-t-p=2,s,IA,IA,y,2014,2014,c-t-p,2,Republican,8851,8124428.85
dt=1&f-fc=1&c-exi=1&c-r-ot=L&s=NV&y=2016&c-t-p=1,s,NV,NV,y,2016,2016,c-t-p,1,Democratic,9857,8055159.80
dt=1&f-fc=1&c-exi=1&c-r-ot=L&s=KY&y=2016&c-t-p=2,s,KY,KY,y,2016,2016,c-t-p,2,Republican,6592,7950154.34
dt=1&f-fc=1&c-exi=1&c-r-ot=L&s=GA&y=2010&c-t-p=1,s,GA,GA,y,2010,2010,c-t-p,1,Democratic,7682,7930162.02
dt=1&f-fc=1&c-exi=1&c-r-ot=L&s=OK&y=2018&c-t-p=2,s,OK,OK,y,2018,2018,c-t-p,2,Republican,4876,7917378.62
dt=1&f-fc=1&c-exi=1&c-r-ot=L&s=AL&y=2018&c-t-p=2,s,AL,AL,y,2018,2018,c-t-p,2,Republican,5313,7906433.33
dt=1&f-fc=1&c-exi=1&c-r-ot=L&s=CT&y=2016&c-t-p=1,s,CT,CT,y,2016,2016,c-t-p,1,Democratic,8283,7808264.54
dt=1&f-fc=1&c-exi=1&c-r-ot=L&s=UT&y=2014&c-t-p=2,s,UT,UT,y,2014,2014,c-t-p,2,Republican,14783,7784169.75
dt=1&f-fc=1&c-exi=1&c-r-ot=L&s=WA&y=2016&c-t-p=2,s,WA,WA,y,2016,2016,c-t-p,2,Republican,7523,7777453.65
dt=1&f-fc=1&c-exi=1&c-r-ot=L&s=IA&y=2018&c-t-p=1,s,IA,IA,y,2018,2018,c-t-p,1,Democratic,12335,7745294.90
dt=1&f-fc=1&c-exi=1&c-r-ot=L&s=IA&y=2016&c-t-p=1,s,IA,IA,y,2016,2016,c-t-p,1,Democratic,14025,7720825.77
dt=1&f-fc=1&c-exi=1&c-r-ot=L&s=MO&y=2014&c-t-p=2,s,MO,MO,y,2014,2014,c-t-p,2,Republican,6193,7681261.72
dt=1&f-fc=1&c-exi=1&c-r-ot=L&s=CT&y=2010&c-t-p=2,s,CT,CT,y,2010,2010,c-t-p,2,Republican,6669,7678700.98
dt=1&f-fc=1&c-exi=1&c-r-ot=L&s=AL&y=2016&c-t-p=2,s,AL,AL,y,2016,2016,c-t-p,2,Republican,5980,7636675.55
dt=1&f-fc=1&c-exi=1&c-r-ot=L&s=OK&y=2014&c-t-p=2,s,OK,OK,y,2014,2014,c-t-p,2,Republican,5845,7594344.61
dt=1&f-fc=1&c-exi=1&c-r-ot=L&s=GA&y=2012&c-t-p=1,s,GA,GA,y,2012,2012,c-t-p,1,Democratic,6030,7584720.63
dt=1&f-fc=1&c-exi=1&c-r-ot=L&s=WI&y=2018&c-t-p=2,s,WI,WI,y,2018,2018,c-t-p,2,Republican,6845,7425566.92
dt=1&f-fc=1&c-exi=1&c-r-ot=L&s=GA&y=2014&c-t-p=1,s,GA,GA,y,2014,2014,c-t-p,1,Democratic,5775,7424316.94
dt=1&f-fc=1&c-exi=1&c-r-ot=L&s=KY&y=2010&c-t-p=2,s,KY,KY,y,2010,2010,c-t-p,2,Republican,7352,7383776.65
dt=1&f-fc=1&c-exi=1&c-r-ot=L&s=KY&y=2014&c-t-p=2,s,KY,KY,y,2014,2014,c-t-p,2,Republican,5982,7350212.18
dt=1&f-fc=1&c-exi=1&c-r-ot=L&s=OK&y=2016&c-t-p=2,s,OK,OK,y,2016,2016,c-t-p,2,Republican,5426,7331114.85
dt=1&f-fc=1&c-exi=1&c-r-ot=L&s=CO&y=2010&c-t-p=2,s,CO,CO,y,2010,2010,c-t-p,2,Republican,12175,7287640.13
dt=1&f-fc=1&c-exi=1&c-r-ot=L&s=NM&y=2018&c-t-p=1,s,NM,NM,y,2018,2018,c-t-p,1,Democratic,10238,7194313.53
dt=1&f-fc=1&c-exi=1&c-r-ot=L&s=KY&y=2018&c-t-p=2,s,KY,KY,y,2018,2018,c-t-p,2,Republican,5381,7176768.64
dt=1&f-fc=1&c-exi=1&c-r-ot=L&s=PA&y=2018&c-t-p=2,s,PA,PA,y,2018,2018,c-t-p,2,Republican,6151,7077462.72
dt=1&f-fc=1&c-exi=1&c-r-ot=L&s=AR&y=2010&c-t-p=1,s,AR,AR,y,2010,2010,c-t-p,1,Democratic,8185,7031534.08
dt=1&f-fc=1&c-exi=1&c-r-ot=L&s=WI&y=2010&c-t-p=1,s,WI,WI,y,2010,2010,c-t-p,1,Democratic,18873,6940250.84
dt=1&f-fc=1&c-exi=1&c-r-ot=L&s=OK&y=2010&c-t-p=2,s,OK,OK,y,2010,2010,c-t-p,2,Republican,7671,6914868.25
dt=1&f-fc=1&c-exi=1&c-r-ot=L&s=SC&y=2016&c-t-p=2,s,SC,SC,y,2016,2016,c-t-p,2,Republican,6708,6773967.27
dt=1&f-fc=1&c-exi=1&c-r-ot=L&s=AZ&y=2018&c-t-p=2,s,AZ,AZ,y,2018,2018,c-t-p,2,Republican,5779,6741796.47
dt=1&f-fc=1&c-exi=1&c-r-ot=L&s=MT&y=2014&c-t-p=2,s,MT,MT,y,2014,2014,c-t-p,2,Republican,7302,6712656.37
dt=1&f-fc=1&c-exi=1&c-r-ot=L&s=NC&y=2018&c-t-p=1,s,NC,NC,y,2018,2018,c-t-p,1,Democratic,8241,6662484.39
dt=1&f-fc=1&c-exi=1&c-r-ot=L&s=NJ&y=2018&c-t-p=2,s,NJ,NJ,y,2018,2018,c-t-p,2,Republican,4131,6657958.00
dt=1&f-fc=1&c-exi=1&c-r-ot=L&s=NV&y=2016&c-t-p=2,s,NV,NV,y,2016,2016,c-t-p,2,Republican,6219,6601458.61
dt=1&f-fc=1&c-exi=1&c-r-ot=L&s=IN&y=2010&c-t-p=1,s,IN,IN,y,2010,2010,c-t-p,1,Democratic,7526,6594946.90
dt=1&f-fc=1&c-exi=1&c-r-ot=L&s=MT&y=2017&c-t-p=1,s,MT,MT,y,2017,2017,c-t-p,1,Democratic,20242,6587469.25
dt=1&f-fc=1&c-exi=1&c-r-ot=L&s=WI&y=2016&c-t-p=1,s,WI,WI,y,2016,2016,c-t-p,1,Democratic,10259,6534496.03
dt=1&f-fc=1&c-exi=1&c-r-ot=L&s=KS&y=2012&c-t-p=2,s,KS,KS,y,2012,2012,c-t-p,2,Republican,5498,6511327.43
dt=1&f-fc=1&c-exi=1&c-r-ot=L&s=MA&y=2010&c-t-p=2,s,MA,MA,y,2010,2010,c-t-p,2,Republican,7237,6408144.24
dt=1&f-fc=1&c-exi=1&c-r-ot=L&s=MT&y=2016&c-t-p=2,s,MT,MT,y,2016,2016,c-t-p,2,Republican,18477,6376461.90
dt=1&f-fc=1&c-exi=1&c-r-ot=L&s=CA&y=2009&c-t-p=1,s,CA,CA,y,2009,2009,c-t-p,1,Democratic,5903,6369843.33
dt=1&f-fc=1&c-exi=1&c-r-ot=L&s=CO&y=2016&c-t-p=2,s,CO,CO,y,2016,2016,c-t-p,2,Republican,6064,6366254.69
dt=1&f-fc=1&c-exi=1&c-r-ot=L&s=TN&y=2010&c-t-p=1,s,TN,TN,y,2010,2010,c-t-p,1,Democratic,7349,6272000.23
dt=1&f-fc=1&c-exi=1&c-r-ot=L&s=WV&y=2014&c-t-p=2,s,WV,WV,y,2014,2014,c-t-p,2,Republican,5944,6212587.67
dt=1&f-fc=1&c-exi=1&c-r-ot=L&s=NC&y=2014&c-t-p=1,s,NC,NC,y,2014,2014,c-t-p,1,Democratic,10201,6191826.34
dt=1&f-fc=1&c-exi=1&c-r-ot=L&s=OH&y=2014&c-t-p=1,s,OH,OH,y,2014,2014,c-t-p,1,Democratic,6649,6168538.07
dt=1&f-fc=1&c-exi=1&c-r-ot=L&s=OR&y=2010&c-t-p=1,s,OR,OR,y,2010,2010,c-t-p,1,Democratic,5732,6063750.79
dt=1&f-fc=1&c-exi=1&c-r-ot=L&s=IN&y=2018&c-t-p=1,s,IN,IN,y,2018,2018,c-t-p,1,Democratic,8142,6029083.35
dt=1&f-fc=1&c-exi=1&c-r-ot=L&s=KY&y=2018&c-t-p=1,s,KY,KY,y,2018,2018,c-t-p,1,Democratic,8883,5985950.24
dt=1&f-fc=1&c-exi=1&c-r-ot=L&s=UT&y=2012&c-t-p=2,s,UT,UT,y,2012,2012,c-t-p,2,Republican,4481,5966707.91
dt=1&f-fc=1&c-exi=1&c-r-ot=L&s=WI&y=2014&c-t-p=1,s,WI,WI,y,2014,2014,c-t-p,1,Democratic,11021,5923353.57
dt=1&f-fc=1&c-exi=1&c-r-ot=L&s=AR&y=2014&c-t-p=2,s,AR,AR,y,2014,2014,c-t-p,2,Republican,6276,5846454.66
dt=1&f-fc=1&c-exi=1&c-r-ot=L&s=NM&y=2010&c-t-p=1,s,NM,NM,y,2010,2010,c-t-p,1,Democratic,7531,5830818.59
dt=1&f-fc=1&c-exi=1&c-r-ot=L&s=NH&y=2018&c-t-p=1,s,NH,NH,y,2018,2018,c-t-p,1,Democratic,12944,5823404.66
dt=1&f-fc=1&c-exi=1&c-r-ot=L&s=IA&y=2016&c-t-p=2,s,IA,IA,y,2016,2016,c-t-p,2,Republican,5367,5700206.30
dt=1&f-fc=1&c-exi=1&c-r-ot=L&s=AR&y=2010&c-t-p=2,s,AR,AR,y,2010,2010,c-t-p,2,Republican,5960,5663364.60
dt=1&f-fc=1&c-exi=1&c-r-ot=L&s=OR&y=2010&c-t-p=2,s,OR,OR,y,2010,2010,c-t-p,2,Republican,6497,5659614.60
dt=1&f-fc=1&c-exi=1&c-r-ot=L&s=OR&y=2016&c-t-p=1,s,OR,OR,y,2016,2016,c-t-p,1,Democratic,6207,5651504.58
dt=1&f-fc=1&c-exi=1&c-r-ot=L&s=NH&y=2014&c-t-p=1,s,NH,NH,y,2014,2014,c-t-p,1,Democratic,9598,5574441.31
dt=1&f-fc=1&c-exi=1&c-r-ot=L&s=IA&y=2010&c-t-p=2,s,IA,IA,y,2010,2010,c-t-p,2,Republican,6558,5538070.14
dt=1&f-fc=1&c-exi=1&c-r-ot=L&s=CO&y=2018&c-t-p=2,s,CO,CO,y,2018,2018,c-t-p,2,Republican,4565,5500232.97
dt=1&f-fc=1&c-exi=1&c-r-ot=L&s=OR&y=2018&c-t-p=1,s,OR,OR,y,2018,2018,c-t-p,1,Democratic,6248,5493667.70
dt=1&f-fc=1&c-exi=1&c-r-ot=L&s=HI&y=2014&c-t-p=1,s,HI,HI,y,2014,2014,c-t-p,1,Democratic,6966,5452462.44
dt=1&f-fc=1&c-exi=1&c-r-ot=L&s=OR&y=2014&c-t-p=1,s,OR,OR,y,2014,2014,c-t-p,1,Democratic,5050,5416398.72
dt=1&f-fc=1&c-exi=1&c-r-ot=L&s=IN&y=2012&c-t-p=1,s,IN,IN,y,2012,2012,c-t-p,1,Democratic,7849,5393283.83
dt=1&f-fc=1&c-exi=1&c-r-ot=L&s=OR&y=2012&c-t-p=2,s,OR,OR,y,2012,2012,c-t-p,2,Republican,6502,5367567.13
dt=1&f-fc=1&c-exi=1&c-r-ot=L&s=MT&y=2017&c-t-p=2,s,MT,MT,y,2017,2017,c-t-p,2,Republican,3169,5346007.33
dt=1&f-fc=1&c-exi=1&c-r-ot=L&s=AL&y=2010&c-t-p=1,s,AL,AL,y,2010,2010,c-t-p,1,Democratic,6000,5307024.72
dt=1&f-fc=1&c-exi=1&c-r-ot=L&s=KS&y=2018&c-t-p=2,s,KS,KS,y,2018,2018,c-t-p,2,Republican,3206,5264487.02
dt=1&f-fc=1&c-exi=1&c-r-ot=L&s=WV&y=2010&c-t-p=2,s,WV,WV,y,2010,2010,c-t-p,2,Republican,4077,5240074.43
dt=1&f-fc=1&c-exi=1&c-r-ot=L&s=CA&y=2017&c-t-p=1,s,CA,CA,y,2017,2017,c-t-p,1,Democratic,5401,5222148.73
dt=1&f-fc=1&c-exi=1&c-r-ot=L&s=WV&y=2012&c-t-p=2,s,WV,WV,y,2012,2012,c-t-p,2,Republican,4970,5140633.03
dt=1&f-fc=1&c-exi=1&c-r-ot=L&s=AR&y=2018&c-t-p=2,s,AR,AR,y,2018,2018,c-t-p,2,Republican,4865,5138532.80
dt=1&f-fc=1&c-exi=1&c-r-ot=L&s=NE&y=2014&c-t-p=2,s,NE,NE,y,2014,2014,c-t-p,2,Republican,4484,5104355.95
dt=1&f-fc=1&c-exi=1&c-r-ot=L&s=WV&y=2014&c-t-p=1,s,WV,WV,y,2014,2014,c-t-p,1,Democratic,4949,5094489.66
dt=1&f-fc=1&c-exi=1&c-r-ot=L&s=NH&y=2010&c-t-p=2,s,NH,NH,y,2010,2010,c-t-p,2,Republican,3825,5088635.33
dt=1&f-fc=1&c-exi=1&c-r-ot=L&s=SC&y=2018&c-t-p=2,s,SC,SC,y,2018,2018,c-t-p,2,Republican,3648,5079166.41
dt=1&f-fc=1&c-exi=1&c-r-ot=L&s=SC&y=2014&c-t-p=2,s,SC,SC,y,2014,2014,c-t-p,2,Republican,4460,5053128.64
dt=1&f-fc=1&c-exi=1&c-r-ot=L&s=IA&y=2010&c-t-p=1,s,IA,IA,y,2010,2010,c-t-p,1,Democratic,7438,4987859.08
dt=1&f-fc=1&c-exi=1&c-r-ot=L&s=HI&y=2012&c-t-p=1,s,HI,HI,y,2012,2012,c-t-p,1,Democratic,5041,4950008.32
dt=1&f-fc=1&c-exi=1&c-r-ot=L&s=NH&y=2012&c-t-p=1,s,NH,NH,y,2012,2012,c-t-p,1,Democratic,9035,4938545.58
dt=1&f-fc=1&c-exi=1&c-r-ot=L&s=NV&y=2012&c-t-p=2,s,NV,NV,y,2012,2012,c-t-p,2,Republican,4258,4885358.56
dt=1&f-fc=1&c-exi=1&c-r-ot=L&s=UT&y=2018&c-t-p=2,s,UT,UT,y,2018,2018,c-t-p,2,Republican,7160,4783020.94
dt=1&f-fc=1&c-exi=1&c-r-ot=L&s=NV&y=2010&c-t-p=1,s,NV,NV,y,2010,2010,c-t-p,1,Democratic,4939,4756530.03
dt=1&f-fc=1&c-exi=1&c-r-ot=L&s=NH&y=2016&c-t-p=1,s,NH,NH,y,2016,2016,c-t-p,1,Democratic,10176,4673096.45
dt=1&f-fc=1&c-exi=1&c-r-ot=L&s=CT&y=2018&c-t-p=1,s,CT,CT,y,2018,2018,c-t-p,1,Democratic,5167,4607018.00
dt=1&f-fc=1&c-exi=1&c-r-ot=L&s=NM&y=2012&c-t-p=1,s,NM,NM,y,2012,2012,c-t-p,1,Democratic,6987,4604842.84
dt=1&f-fc=1&c-exi=1&c-r-ot=L&s=NH&y=2010&c-t-p=1,s,NH,NH,y,2010,2010,c-t-p,1,Democratic,7490,4581504.33
dt=1&f-fc=1&c-exi=1&c-r-ot=L&s=AR&y=2016&c-t-p=2,s,AR,AR,y,2016,2016,c-t-p,2,Republican,4835,4551910.98
dt=1&f-fc=1&c-exi=1&c-r-ot=L&s=NM&y=2010&c-t-p=2,s,NM,NM,y,2010,2010,c-t-p,2,Republican,6188,4527566.58
dt=1&f-fc=1&c-exi=1&c-r-ot=L&s=NY&y=2009&c-t-p=1,s,NY,NY,y,2009,2009,c-t-p,1,Democratic,3416,4517973.37
dt=1&f-fc=1&c-exi=1&c-r-ot=L&s=OH&y=2016&c-t-p=1,s,OH,OH,y,2016,2016,c-t-p,1,Democratic,4099,4510440.71
dt=1&f-fc=1&c-exi=1&c-r-ot=L&s=IN&y=2016&c-t-p=1,s,IN,IN,y,2016,2016,c-t-p,1,Democratic,7076,4485676.14
dt=1&f-fc=1&c-exi=1&c-r-ot=L&s=IA&y=2018&c-t-p=2,s,IA,IA,y,2018,2018,c-t-p,2,Republican,2801,4429083.88
dt=1&f-fc=1&c-exi=1&c-r-ot=L&s=SC&y=2013&c-t-p=2,s,SC,SC,y,2013,2013,c-t-p,2,Republican,2452,4397424.20
dt=1&f-fc=1&c-exi=1&c-r-ot=L&s=OR&y=2014&c-t-p=2,s,OR,OR,y,2014,2014,c-t-p,2,Republican,4556,4356363.91
dt=1&f-fc=1&c-exi=1&c-r-ot=L&s=MO&y=2012&c-t-p=1,s,MO,MO,y,2012,2012,c-t-p,1,Democratic,4560,4322358.15
dt=1&f-fc=1&c-exi=1&c-r-ot=L&s=NM&y=2016&c-t-p=1,s,NM,NM,y,2016,2016,c-t-p,1,Democratic,4462,4309178.84
dt=1&f-fc=1&c-exi=1&c-r-ot=L&s=OR&y=2018&c-t-p=2,s,OR,OR,y,2018,2018,c-t-p,2,Republican,2922,4295769.46
dt=1&f-fc=1&c-exi=1&c-r-ot=L&s=NC&y=2016&c-t-p=1,s,NC,NC,y,2016,2016,c-t-p,1,Democratic,4968,4268635.78
dt=1&f-fc=1&c-exi=1&c-r-ot=L&s=MS&y=2010&c-t-p=1,s,MS,MS,y,2010,2010,c-t-p,1,Democratic,3837,4264990.00
dt=1&f-fc=1&c-exi=1&c-r-ot=L&s=MD&y=2010&c-t-p=2,s,MD,MD,y,2010,2010,c-t-p,2,Republican,5750,4216100.56
dt=1&f-fc=1&c-exi=1&c-r-ot=L&s=NV&y=2012&c-t-p=1,s,NV,NV,y,2012,2012,c-t-p,1,Democratic,4806,4189912.72
dt=1&f-fc=1&c-exi=1&c-r-ot=L&s=NV&y=2014&c-t-p=1,s,NV,NV,y,2014,2014,c-t-p,1,Democratic,4746,4175140.36
dt=1&f-fc=1&c-exi=1&c-r-ot=L&s=SC&y=2012&c-t-p=1,s,SC,SC,y,2012,2012,c-t-p,1,Democratic,3879,4169452.62
dt=1&f-fc=1&c-exi=1&c-r-ot=L&s=MA&y=2012&c-t-p=2,s,MA,MA,y,2012,2012,c-t-p,2,Republican,5518,4166991.97
dt=1&f-fc=1&c-exi=1&c-r-ot=L&s=WV&y=2018&c-t-p=2,s,WV,WV,y,2018,2018,c-t-p,2,Republican,3116,4131160.52
dt=1&f-fc=1&c-exi=1&c-r-ot=L&s=ME&y=2016&c-t-p=1,s,ME,ME,y,2016,2016,c-t-p,1,Democratic,8992,4085349.06
dt=1&f-fc=1&c-exi=1&c-r-ot=L&s=MS&y=2015&c-t-p=2,s,MS,MS,y,2015,2015,c-t-p,2,Republican,2233,4060777.64
dt=1&f-fc=1&c-exi=1&c-r-ot=L&s=NE&y=2012&c-t-p=2,s,NE,NE,y,2012,2012,c-t-p,2,Republican,4252,4057199.91
dt=1&f-fc=1&c-exi=1&c-r-ot=L&s=NH&y=2012&c-t-p=2,s,NH,NH,y,2012,2012,c-t-p,2,Republican,3415,4024168.70
dt=1&f-fc=1&c-exi=1&c-r-ot=L&s=MA&y=2013&c-t-p=1,s,MA,MA,y,2013,2013,c-t-p,1,Democratic,6133,3989453.75
dt=1&f-fc=1&c-exi=1&c-r-ot=L&s=MD&y=2016&c-t-p=2,s,MD,MD,y,2016,2016,c-t-p,2,Republican,3695,3988086.20
dt=1&f-fc=1&c-exi=1&c-r-ot=L&s=NY&y=2018&c-t-p=3,s,NY,NY,y,2018,2018,c-t-p,3,Third-Party,1967,3987679.73
dt=1&f-fc=1&c-exi=1&c-r-ot=L&s=GA&y=2016&c-t-p=1,s,GA,GA,y,2016,2016,c-t-p,1,Democratic,2676,3963948.35
dt=1&f-fc=1&c-exi=1&c-r-ot=L&s=MS&y=2014&c-t-p=2,s,MS,MS,y,2014,2014,c-t-p,2,Republican,2954,3944399.99
dt=1&f-fc=1&c-exi=1&c-r-ot=L&s=ID&y=2014&c-t-p=2,s,ID,ID,y,2014,2014,c-t-p,2,Republican,5505,3932731.96
dt=1&f-fc=1&c-exi=1&c-r-ot=L&s=NV&y=2010&c-t-p=2,s,NV,NV,y,2010,2010,c-t-p,2,Republican,3002,3930881.06
dt=1&f-fc=1&c-exi=1&c-r-ot=L&s=NV&y=2014&c-t-p=2,s,NV,NV,y,2014,2014,c-t-p,2,Republican,3566,3904087.27
dt=1&f-fc=1&c-exi=1&c-r-ot=L&s=MS&y=2010&c-t-p=2,s,MS,MS,y,2010,2010,c-t-p,2,Republican,3872,3877186.64
dt=1&f-fc=1&c-exi=1&c-r-ot=L&s=NE&y=2018&c-t-p=2,s,NE,NE,y,2018,2018,c-t-p,2,Republican,2904,3826106.97
dt=1&f-fc=1&c-exi=1&c-r-ot=L&s=MD&y=2012&c-t-p=2,s,MD,MD,y,2012,2012,c-t-p,2,Republican,4732,3812367.21
dt=1&f-fc=1&c-exi=1&c-r-ot=L&s=NE&y=2016&c-t-p=2,s,NE,NE,y,2016,2016,c-t-p,2,Republican,3586,3685059.91
dt=1&f-fc=1&c-exi=1&c-r-ot=L&s=IL&y=2009&c-t-p=1,s,IL,IL,y,2009,2009,c-t-p,1,Democratic,5172,3682900.24
dt=1&f-fc=1&c-exi=1&c-r-ot=L&s=ME&y=2016&c-t-p=2,s,ME,ME,y,2016,2016,c-t-p,2,Republican,3324,3674050.04
dt=1&f-fc=1&c-exi=1&c-r-ot=L&s=OR&y=2016&c-t-p=2,s,OR,OR,y,2016,2016,c-t-p,2,Republican,2946,3660931.77
dt=1&f-fc=1&c-exi=1&c-r-ot=L&s=WV&y=2016&c-t-p=2,s,WV,WV,y,2016,2016,c-t-p,2,Republican,3470,3651074.05
dt=1&f-fc=1&c-exi=1&c-r-ot=L&s=KY&y=2010&c-t-p=1,s,KY,KY,y,2010,2010,c-t-p,1,Democratic,3923,3633811.12
dt=1&f-fc=1&c-exi=1&c-r-ot=L&s=KY&y=2012&c-t-p=1,s,KY,KY,y,2012,2012,c-t-p,1,Democratic,3632,3590847.97
dt=1&f-fc=1&c-exi=1&c-r-ot=L&s=WV&y=2010&c-t-p=1,s,WV,WV,y,2010,2010,c-t-p,1,Democratic,3297,3560963.28
dt=1&f-fc=1&c-exi=1&c-r-ot=L&s=NM&y=2014&c-t-p=1,s,NM,NM,y,2014,2014,c-t-p,1,Democratic,5564,3513868.78
dt=1&f-fc=1&c-exi=1&c-r-ot=L&s=MS&y=2012&c-t-p=2,s,MS,MS,y,2012,2012,c-t-p,2,Republican,3049,3500600.16
dt=1&f-fc=1&c-exi=1&c-r-ot=L&s=RI&y=2010&c-t-p=1,s,RI,RI,y,2010,2010,c-t-p,1,Democratic,3263,3497928.59
dt=1&f-fc=1&c-exi=1&c-r-ot=L&s=NV&y=2018&c-t-p=1,s,NV,NV,y,2018,2018,c-t-p,1,Democratic,3998,3495016.13
dt=1&f-fc=1&c-exi=1&c-r-ot=L&s=RI&y=2012&c-t-p=1,s,RI,RI,y,2012,2012,c-t-p,1,Democratic,4673,3391401.15
dt=1&f-fc=1&c-exi=1&c-r-ot=L&s=NE&y=2010&c-t-p=2,s,NE,NE,y,2010,2010,c-t-p,2,Republican,4516,3368884.52
dt=1&f-fc=1&c-exi=1&c-r-ot=L&s=NY&y=2011&c-t-p=1,s,NY,NY,y,2011,2011,c-t-p,1,Democratic,2795,3313823.48
dt=1&f-fc=1&c-exi=1&c-r-ot=L&s=HI&y=2016&c-t-p=1,s,HI,HI,y,2016,2016,c-t-p,1,Democratic,3523,3304163.68
dt=1&f-fc=1&c-exi=1&c-r-ot=L&s=ME&y=2018&c-t-p=1,s,ME,ME,y,2018,2018,c-t-p,1,Democratic,5291,3298232.15
dt=1&f-fc=1&c-exi=1&c-r-ot=L&s=NY&y=2011&c-t-p=2,s,NY,NY,y,2011,2011,c-t-p,2,Republican,396,3288832.20
dt=1&f-fc=1&c-exi=1&c-r-ot=L&s=MA&y=2014&c-t-p=2,s,MA,MA,y,2014,2014,c-t-p,2,Republican,3002,3270253.64
dt=1&f-fc=1&c-exi=1&c-r-ot=L&s=SD&y=2010&c-t-p=2,s,SD,SD,y,2010,2010,c-t-p,2,Republican,4140,3225779.58
dt=1&f-fc=1&c-exi=1&c-r-ot=L&s=SC&y=2017&c-t-p=2,s,SC,SC,y,2017,2017,c-t-p,2,Republican,1994,3222427.62
dt=1&f-fc=1&c-exi=1&c-r-ot=L&s=KS&y=2018&c-t-p=1,s,KS,KS,y,2018,2018,c-t-p,1,Democratic,5672,3186592.43
dt=1&f-fc=1&c-exi=1&c-r-ot=L&s=ME&y=2018&c-t-p=2,s,ME,ME,y,2018,2018,c-t-p,2,Republican,2099,3184784.45
dt=1&f-fc=1&c-exi=1&c-r-ot=L&s=SC&y=2016&c-t-p=1,s,SC,SC,y,2016,2016,c-t-p,1,Democratic,2971,3172549.52
dt=1&f-fc=1&c-exi=1&c-r-ot=L&s=SC&y=2018&c-t-p=1,s,SC,SC,y,2018,2018,c-t-p,1,Democratic,4463,3163738.50
dt=1&f-fc=1&c-exi=1&c-r-ot=L&s=CT&y=2014&c-t-p=2,s,CT,CT,y,2014,2014,c-t-p,2,Republican,2042,3128800.41
dt=1&f-fc=1&c-exi=1&c-r-ot=L&s=IN&y=2014&c-t-p=1,s,IN,IN,y,2014,2014,c-t-p,1,Democratic,4139,3110818.29
dt=1&f-fc=1&c-exi=1&c-r-ot=L&s=NY&y=2016&c-t-p=3,s,NY,NY,y,2016,2016,c-t-p,3,Third-Party,70,3104768.15
dt=1&f-fc=1&c-exi=1&c-r-ot=L&s=NY&y=2011&c-t-p=3,s,NY,NY,y,2011,2011,c-t-p,3,Third-Party,19,3091820.00
dt=1&f-fc=1&c-exi=1&c-r-ot=L&s=NH&y=2014&c-t-p=2,s,NH,NH,y,2014,2014,c-t-p,2,Republican,2770,3073985.83
dt=1&f-fc=1&c-exi=1&c-r-ot=L&s=LA&y=2013&c-t-p=2,s,LA,LA,y,2013,2013,c-t-p,2,Republican,1534,3070318.06
dt=1&f-fc=1&c-exi=1&c-r-ot=L&s=MO&y=2018&c-t-p=1,s,MO,MO,y,2018,2018,c-t-p,1,Democratic,5748,3032928.48
dt=1&f-fc=1&c-exi=1&c-r-ot=L&s=KS&y=2010&c-t-p=1,s,KS,KS,y,2010,2010,c-t-p,1,Democratic,5453,3032295.26
dt=1&f-fc=1&c-exi=1&c-r-ot=L&s=DE&y=2016&c-t-p=1,s,DE,DE,y,2016,2016,c-t-p,1,Democratic,3789,3009169.76
dt=1&f-fc=1&c-exi=1&c-r-ot=L&s=TN&y=2012&c-t-p=1,s,TN,TN,y,2012,2012,c-t-p,1,Democratic,3663,2972377.57
dt=1&f-fc=1&c-exi=1&c-r-ot=L&s=MT&y=2018&c-t-p=1,s,MT,MT,y,2018,2018,c-t-p,1,Democratic,4619,2914531.81
dt=1&f-fc=1&c-exi=1&c-r-ot=L&s=TN&y=2014&c-t-p=1,s,TN,TN,y,2014,2014,c-t-p,1,Democratic,2746,2867890.21
dt=1&f-fc=1&c-exi=1&c-r-ot=L&s=MD&y=2014&c-t-p=2,s,MD,MD,y,2014,2014,c-t-p,2,Republican,5611,2862078.77
dt=1&f-fc=1&c-exi=1&c-r-ot=L&s=UT&y=2012&c-t-p=1,s,UT,UT,y,2012,2012,c-t-p,1,Democratic,2232,2857575.46
dt=1&f-fc=1&c-exi=1&c-r-ot=L&s=AR&y=2014&c-t-p=1,s,AR,AR,y,2014,2014,c-t-p,1,Democratic,3967,2850585.67
dt=1&f-fc=1&c-exi=1&c-r-ot=L&s=SD&y=2012&c-t-p=2,s,SD,SD,y,2012,2012,c-t-p,2,Republican,3977,2785601.57
dt=1&f-fc=1&c-exi=1&c-r-ot=L&s=HI&y=2010&c-t-p=2,s,HI,HI,y,2010,2010,c-t-p,2,Republican,3235,2766560.01
dt=1&f-fc=1&c-exi=1&c-r-ot=L&s=ND&y=2010&c-t-p=1,s,ND,ND,y,2010,2010,c-t-p,1,Democratic,2712,2751527.92
dt=1&f-fc=1&c-exi=1&c-r-ot=L&s=CA&y=2011&c-t-p=1,s,CA,CA,y,2011,2011,c-t-p,1,Democratic,2284,2719728.37
dt=1&f-fc=1&c-exi=1&c-r-ot=L&s=MT&y=2016&c-t-p=1,s,MT,MT,y,2016,2016,c-t-p,1,Democratic,9383,2707063.20
dt=1&f-fc=1&c-exi=1&c-r-ot=L&s=WY&y=2016&c-t-p=2,s,WY,WY,y,2016,2016,c-t-p,2,Republican,1686,2701895.18
dt=1&f-fc=1&c-exi=1&c-r-ot=L&s=RI&y=2016&c-t-p=1,s,RI,RI,y,2016,2016,c-t-p,1,Democratic,3723,2647412.90
dt=1&f-fc=1&c-exi=1&c-r-ot=L&s=ME&y=2014&c-t-p=1,s,ME,ME,y,2014,2014,c-t-p,1,Democratic,4270,2629208.66
dt=1&f-fc=1&c-exi=1&c-r-ot=L&s=NM&y=2014&c-t-p=2,s,NM,NM,y,2014,2014,c-t-p,2,Republican,2481,2612764.81
dt=1&f-fc=1&c-exi=1&c-r-ot=L&s=MO&y=2016&c-t-p=1,s,MO,MO,y,2016,2016,c-t-p,1,Democratic,3918,2578956.28
dt=1&f-fc=1&c-exi=1&c-r-ot=L&s=ID&y=2010&c-t-p=1,s,ID,ID,y,2010,2010,c-t-p,1,Democratic,2545,2578199.93
dt=1&f-fc=1&c-exi=1&c-r-ot=L&s=SC&y=2014&c-t-p=1,s,SC,SC,y,2014,2014,c-t-p,1,Democratic,2009,2522445.04
dt=1&f-fc=1&c-exi=1&c-r-ot=L&s=NE&y=2016&c-t-p=1,s,NE,NE,y,2016,2016,c-t-p,1,Democratic,4129,2522274.46
dt=1&f-fc=1&c-exi=1&c-r-ot=L&s=RI&y=2012&c-t-p=2,s,RI,RI,y,2012,2012,c-t-p,2,Republican,2273,2513960.32
dt=1&f-fc=1&c-exi=1&c-r-ot=L&s=LA&y=2010&c-t-p=1,s,LA,LA,y,2010,2010,c-t-p,1,Democratic,2815,2418574.76
dt=1&f-fc=1&c-exi=1&c-r-ot=L&s=AL&y=2018&c-t-p=1,s,AL,AL,y,2018,2018,c-t-p,1,Democratic,2492,2415466.48
dt=1&f-fc=1&c-exi=1&c-r-ot=L&s=NM&y=2012&c-t-p=2,s,NM,NM,y,2012,2012,c-t-p,2,Republican,2644,2412129.66
dt=1&f-fc=1&c-exi=1&c-r-ot=L&s=RI&y=2014&c-t-p=1,s,RI,RI,y,2014,2014,c-t-p,1,Democratic,3049,2411181.17
dt=1&f-fc=1&c-exi=1&c-r-ot=L&s=RI&y=2018&c-t-p=1,s,RI,RI,y,2018,2018,c-t-p,1,Democratic,3365,2393413.89
dt=1&f-fc=1&c-exi=1&c-r-ot=L&s=SD&y=2016&c-t-p=2,s,SD,SD,y,2016,2016,c-t-p,2,Republican,2596,2370578.03
dt=1&f-fc=1&c-exi=1&c-r-ot=L&s=ID&y=2018&c-t-p=2,s,ID,ID,y,2018,2018,c-t-p,2,Republican,2300,2315429.03
dt=1&f-fc=1&c-exi=1&c-r-ot=L&s=SD&y=2014&c-t-p=2,s,SD,SD,y,2014,2014,c-t-p,2,Republican,3661,2304288.25
dt=1&f-fc=1&c-exi=1&c-r-ot=L&s=ND&y=2010&c-t-p=2,s,ND,ND,y,2010,2010,c-t-p,2,Republican,2252,2295864.30
dt=1&f-fc=1&c-exi=1&c-r-ot=L&s=OK&y=2012&c-t-p=1,s,OK,OK,y,2012,2012,c-t-p,1,Democratic,3228,2286252.22
dt=1&f-fc=1&c-exi=1&c-r-ot=L&s=ME&y=2012&c-t-p=1,s,ME,ME,y,2012,2012,c-t-p,1,Democratic,2848,2229568.00
dt=1&f-fc=1&c-exi=1&c-r-ot=L&s=SC&y=2013&c-t-p=1,s,SC,SC,y,2013,2013,c-t-p,1,Democratic,2856,2223170.60
dt=1&f-fc=1&c-exi=1&c-r-ot=L&s=ID&y=2010&c-t-p=2,s,ID,ID,y,2010,2010,c-t-p,2,Republican,2516,2219787.96
dt=1&f-fc=1&c-exi=1&c-r-ot=L&s=MS&y=2016&c-t-p=2,s,MS,MS,y,2016,2016,c-t-p,2,Republican,1754,2197817.28
dt=1&f-fc=1&c-exi=1&c-r-ot=L&s=MS&y=2018&c-t-p=2,s,MS,MS,y,2018,2018,c-t-p,2,Republican,2137,2193760.38
dt=1&f-fc=1&c-exi=1&c-r-ot=L&s=NH&y=2018&c-t-p=2,s,NH,NH,y,2018,2018,c-t-p,2,Republican,1393,2185123.95
dt=1&f-fc=1&c-exi=1&c-r-ot=L&s=AL&y=2013&c-t-p=2,s,AL,AL,y,2013,2013,c-t-p,2,Republican,2178,2180344.95
dt=1&f-fc=1&c-exi=1&c-r-ot=L&s=WV&y=2018&c-t-p=1,s,WV,WV,y,2018,2018,c-t-p,1,Democratic,2634,2171642.51
dt=1&f-fc=1&c-exi=1&c-r-ot=L&s=ME&y=2010&c-t-p=1,s,ME,ME,y,2010,2010,c-t-p,1,Democratic,2316,2170324.64
dt=1&f-fc=1&c-exi=1&c-r-ot=L&s=DE&y=2010&c-t-p=2,s,DE,DE,y,2010,2010,c-t-p,2,Republican,1109,2163255.28
dt=1&f-fc=1&c-exi=1&c-r-ot=L&s=DE&y=2010&c-t-p=1,s,DE,DE,y,2010,2010,c-t-p,1,Democratic,2804,2125221.11
dt=1&f-fc=1&c-exi=1&c-r-ot=L&s=SD&y=2010&c-t-p=1,s,SD,SD,y,2010,2010,c-t-p,1,Democratic,2153,2076336.70
dt=1&f-fc=1&c-exi=1&c-r-ot=L&s=TN&y=2018&c-t-p=1,s,TN,TN,y,2018,2018,c-t-p,1,Democratic,4942,2044229.21
dt=1&f-fc=1&c-exi=1&c-r-ot=L&s=ID&y=2012&c-t-p=2,s,ID,ID,y,2012,2012,c-t-p,2,Republican,1961,2035108.89
dt=1&f-fc=1&c-exi=1&c-r-ot=L&s=ME&y=2014&c-t-p=2,s,ME,ME,y,2014,2014,c-t-p,2,Republican,2474,2005288.70
dt=1&f-fc=1&c-exi=1&c-r-ot=L&s=OK&y=2010&c-t-p=1,s,OK,OK,y,2010,2010,c-t-p,1,Democratic,1848,1986304.07
dt=1&f-fc=1&c-exi=1&c-r-ot=L&s=LA&y=2016&c-t-p=1,s,LA,LA,y,2016,2016,c-t-p,1,Democratic,1148,1936006.52
dt=1&f-fc=1&c-exi=1&c-r-ot=L&s=NM&y=2016&c-t-p=2,s,NM,NM,y,2016,2016,c-t-p,2,Republican,1696,1917083.99
dt=1&f-fc=1&c-exi=1&c-r-ot=L&s=KY&y=2014&c-t-p=1,s,KY,KY,y,2014,2014,c-t-p,1,Democratic,2439,1908881.61
dt=1&f-fc=1&c-exi=1&c-r-ot=L&s=CA&y=2014&c-t-p=3,s,CA,CA,y,2014,2014,c-t-p,3,Third-Party,2340,1889309.07
dt=1&f-fc=1&c-exi=1&c-r-ot=L&s=HI&y=2018&c-t-p=1,s,HI,HI,y,2018,2018,c-t-p,1,Democratic,5892,1887795.21
dt=1&f-fc=1&c-exi=1&c-r-ot=L&s=UT&y=2018&c-t-p=1,s,UT,UT,y,2018,2018,c-t-p,1,Democratic,1890,1855834.91
dt=1&f-fc=1&c-exi=1&c-r-ot=L&s=UT&y=2010&c-t-p=1,s,UT,UT,y,2010,2010,c-t-p,1,Democratic,1295,1855188.24
dt=1&f-fc=1&c-exi=1&c-r-ot=L&s=LA&y=2014&c-t-p=1,s,LA,LA,y,2014,2014,c-t-p,1,Democratic,1617,1831646.61
dt=1&f-fc=1&c-exi=1&c-r-ot=L&s=NH&y=2016&c-t-p=2,s,NH,NH,y,2016,2016,c-t-p,2,Republican,1509,1825338.05
dt=1&f-fc=1&c-exi=1&c-r-ot=L&s=MT&y=2012&c-t-p=2,s,MT,MT,y,2012,2012,c-t-p,2,Republican,3082,1824944.39
dt=1&f-fc=1&c-exi=1&c-r-ot=L&s=NY&y=2009&c-t-p=2,s,NY,NY,y,2009,2009,c-t-p,2,Republican,1478,1824394.46
dt=1&f-fc=1&c-exi=1&c-r-ot=L&s=NM&y=2018&c-t-p=2,s,NM,NM,y,2018,2018,c-t-p,2,Republican,1642,1791395.85
dt=1&f-fc=1&c-exi=1&c-r-ot=L&s=AL&y=2016&c-t-p=1,s,AL,AL,y,2016,2016,c-t-p,1,Democratic,1323,1773534.24
dt=1&f-fc=1&c-exi=1&c-r-ot=L&s=CA&y=2011&c-t-p=2,s,CA,CA,y,2011,2011,c-t-p,2,Republican,711,1773236.76
dt=1&f-fc=1&c-exi=1&c-r-ot=L&s=MO&y=2014&c-t-p=1,s,MO,MO,y,2014,2014,c-t-p,1,Democratic,1363,1760229.70
dt=1&f-fc=1&c-exi=1&c-r-ot=L&s=NY&y=2009&c-t-p=3,s,NY,NY,y,2009,2009,c-t-p,3,Third-Party,1155,1753601.55
dt=1&f-fc=1&c-exi=1&c-r-ot=L&s=MT&y=2014&c-t-p=1,s,MT,MT,y,2014,2014,c-t-p,1,Democratic,3905,1722347.09
dt=1&f-fc=1&c-exi=1&c-r-ot=L&s=MS&y=2012&c-t-p=1,s,MS,MS,y,2012,2012,c-t-p,1,Democratic,1136,1722111.80
dt=1&f-fc=1&c-exi=1&c-r-ot=L&s=IL&y=2015&c-t-p=2,s,IL,IL,y,2015,2015,c-t-p,2,Republican,1445,1711577.03
dt=1&f-fc=1&c-exi=1&c-r-ot=L&s=MA&y=2018&c-t-p=2,s,MA,MA,y,2018,2018,c-t-p,2,Republican,1422,1704890.06
dt=1&f-fc=1&c-exi=1&c-r-ot=L&s=ND&y=2012&c-t-p=2,s,ND,ND,y,2012,2012,c-t-p,2,Republican,1640,1696693.27
dt=1&f-fc=1&c-exi=1&c-r-ot=L&s=AL&y=2014&c-t-p=1,s,AL,AL,y,2014,2014,c-t-p,1,Democratic,1506,1693159.07
dt=1&f-fc=1&c-exi=1&c-r-ot=L&s=AR&y=2018&c-t-p=1,s,AR,AR,y,2018,2018,c-t-p,1,Democratic,2905,1666022.28
dt=1&f-fc=1&c-exi=1&c-r-ot=L&s=SD&y=2018&c-t-p=2,s,SD,SD,y,2018,2018,c-t-p,2,Republican,2448,1661967.01
dt=1&f-fc=1&c-exi=1&c-r-ot=L&s=MT&y=2012&c-t-p=1,s,MT,MT,y,2012,2012,c-t-p,1,Democratic,3011,1636715.41
dt=1&f-fc=1&c-exi=1&c-r-ot=L&s=NV&y=2018&c-t-p=2,s,NV,NV,y,2018,2018,c-t-p,2,Republican,1565,1630683.92
dt=1&f-fc=1&c-exi=1&c-r-ot=L&s=NE&y=2018&c-t-p=1,s,NE,NE,y,2018,2018,c-t-p,1,Democratic,7374,1609440.00
dt=1&f-fc=1&c-exi=1&c-r-ot=L&s=WV&y=2012&c-t-p=1,s,WV,WV,y,2012,2012,c-t-p,1,Democratic,2629,1574413.76
dt=1&f-fc=1&c-exi=1&c-r-ot=L&s=AR&y=2012&c-t-p=1,s,AR,AR,y,2012,2012,c-t-p,1,Democratic,1603,1562654.78
dt=1&f-fc=1&c-exi=1&c-r-ot=L&s=MD&y=2018&c-t-p=2,s,MD,MD,y,2018,2018,c-t-p,2,Republican,1640,1543281.69
dt=1&f-fc=1&c-exi=1&c-r-ot=L&s=UT&y=2017&c-t-p=2,s,UT,UT,y,2017,2017,c-t-p,2,Republican,1020,1542418.60
dt=1&f-fc=1&c-exi=1&c-r-ot=L&s=MT&y=2018&c-t-p=2,s,MT,MT,y,2018,2018,c-t-p,2,Republican,1495,1534427.34
dt=1&f-fc=1&c-exi=1&c-r-ot=L&s=ID&y=2016&c-t-p=2,s,ID,ID,y,2016,2016,c-t-p,2,Republican,1204,1513217.04
dt=1&f-fc=1&c-exi=1&c-r-ot=L&s=ND&y=2014&c-t-p=2,s,ND,ND,y,2014,2014,c-t-p,2,Republican,1270,1511970.45
dt=1&f-fc=1&c-exi=1&c-r-ot=L&s=NH&y=2016&c-t-p=3,s,NH,NH,y,2016,2016,c-t-p,3,Third-Party,581,1505971.43
dt=1&f-fc=1&c-exi=1&c-r-ot=L&s=RI&y=2010&c-t-p=3,s,RI,RI,y,2010,2010,c-t-p,3,Third-Party,1291,1492527.74
dt=1&f-fc=1&c-exi=1&c-r-ot=L&s=DE&y=2012&c-t-p=1,s,DE,DE,y,2012,2012,c-t-p,1,Democratic,1640,1481615.73
dt=1&f-fc=1&c-exi=1&c-r-ot=L&s=SC&y=2017&c-t-p=1,s,SC,SC,y,2017,2017,c-t-p,1,Democratic,1687,1448889.35
dt=1&f-fc=1&c-exi=1&c-r-ot=L&s=ND&y=2016&c-t-p=2,s,ND,ND,y,2016,2016,c-t-p,2,Republican,1139,1424440.42
dt=1&f-fc=1&c-exi=1&c-r-ot=L&s=TN&y=2016&c-t-p=1,s,TN,TN,y,2016,2016,c-t-p,1,Democratic,1300,1414150.79
dt=1&f-fc=1&c-exi=1&c-r-ot=L&s=UT&y=2014&c-t-p=1,s,UT,UT,y,2014,2014,c-t-p,1,Democratic,2199,1375673.92
dt=1&f-fc=1&c-exi=1&c-r-ot=L&s=LA&y=2018&c-t-p=1,s,LA,LA,y,2018,2018,c-t-p,1,Democratic,955,1371022.94
dt=1&f-fc=1&c-exi=1&c-r-ot=L&s=KS&y=2014&c-t-p=1,s,KS,KS,y,2014,2014,c-t-p,1,Democratic,3272,1346213.39
dt=1&f-fc=1&c-exi=1&c-r-ot=L&s=UT&y=2010&c-t-p=2,s,UT,UT,y,2010,2010,c-t-p,2,Republican,1513,1333829.68
dt=1&f-fc=1&c-exi=1&c-r-ot=L&s=NE&y=2014&c-t-p=1,s,NE,NE,y,2014,2014,c-t-p,1,Democratic,2437,1321609.43
dt=1&f-fc=1&c-exi=1&c-r-ot=L&s=AL&y=2012&c-t-p=1,s,AL,AL,y,2012,2012,c-t-p,1,Democratic,1263,1308114.38
dt=1&f-fc=1&c-exi=1&c-r-ot=L&s=MT&y=2010&c-t-p=2,s,MT,MT,y,2010,2010,c-t-p,2,Republican,1716,1298890.49
dt=1&f-fc=1&c-exi=1&c-r-ot=L&s=VT&y=2012&c-t-p=1,s,VT,VT,y,2012,2012,c-t-p,1,Democratic,2310,1264759.26
dt=1&f-fc=1&c-exi=1&c-r-ot=L&s=MS&y=2014&c-t-p=1,s,MS,MS,y,2014,2014,c-t-p,1,Democratic,841,1208137.56
dt=1&f-fc=1&c-exi=1&c-r-ot=L&s=CA&y=2009&c-t-p=2,s,CA,CA,y,2009,2009,c-t-p,2,Republican,1333,1199899.41
dt=1&f-fc=1&c-exi=1&c-r-ot=L&s=NY&y=2015&c-t-p=2,s,NY,NY,y,2015,2015,c-t-p,2,Republican,1062,1190039.21
dt=1&f-fc=1&c-exi=1&c-r-ot=L&s=KS&y=2016&c-t-p=3,s,KS,KS,y,2016,2016,c-t-p,3,Third-Party,1494,1173122.82
dt=1&f-fc=1&c-exi=1&c-r-ot=L&s=DE&y=2014&c-t-p=1,s,DE,DE,y,2014,2014,c-t-p,1,Democratic,1148,1169712.74
dt=1&f-fc=1&c-exi=1&c-r-ot=L&s=KY&y=2016&c-t-p=1,s,KY,KY,y,2016,2016,c-t-p,1,Democratic,1467,1167544.77
dt=1&f-fc=1&c-exi=1&c-r-ot=L&s=VT&y=2014&c-t-p=1,s,VT,VT,y,2014,2014,c-t-p,1,Democratic,2111,1145343.36
dt=1&f-fc=1&c-exi=1&c-r-ot=L&s=AK&y=2010&c-t-p=2,s,AK,AK,y,2010,2010,c-t-p,2,Republican,1365,1119879.55
dt=1&f-fc=1&c-exi=1&c-r-ot=L&s=NE&y=2010&c-t-p=1,s,NE,NE,y,2010,2010,c-t-p,1,Democratic,2113,1112074.95
dt=1&f-fc=1&c-exi=1&c-r-ot=L&s=AK&y=2016&c-t-p=2,s,AK,AK,y,2016,2016,c-t-p,2,Republican,1026,1094747.03
dt=1&f-fc=1&c-exi=1&c-r-ot=L&s=AK&y=2016&c-t-p=1,s,AK,AK,y,2016,2016,c-t-p,1,Democratic,1965,1088730.59
dt=1&f-fc=1&c-exi=1&c-r-ot=L&s=MS&y=2016&c-t-p=1,s,MS,MS,y,2016,2016,c-t-p,1,Democratic,786,1087314.54
dt=1&f-fc=1&c-exi=1&c-r-ot=L&s=MO&y=2013&c-t-p=2,s,MO,MO,y,2013,2013,c-t-p,2,Republican,1502,1083141.52
dt=1&f-fc=1&c-exi=1&c-r-ot=L&s=HI&y=2014&c-t-p=2,s,HI,HI,y,2014,2014,c-t-p,2,Republican,1177,1057047.57
dt=1&f-fc=1&c-exi=1&c-r-ot=L&s=ME&y=2010&c-t-p=2,s,ME,ME,y,2010,2010,c-t-p,2,Republican,1588,1025300.34
dt=1&f-fc=1&c-exi=1&c-r-ot=L&s=MS&y=2018&c-t-p=1,s,MS,MS,y,2018,2018,c-t-p,1,Democratic,1941,1024216.67
dt=1&f-fc=1&c-exi=1&c-r-ot=L&s=ME&y=2012&c-t-p=2,s,ME,ME,y,2012,2012,c-t-p,2,Republican,1371,1013718.30
dt=1&f-fc=1&c-exi=1&c-r-ot=L&s=HI&y=2010&c-t-p=1,s,HI,HI,y,2010,2010,c-t-p,1,Democratic,1178,1008618.56
dt=1&f-fc=1&c-exi=1&c-r-ot=L&s=KS&y=2017&c-t-p=2,s,KS,KS,y,2017,2017,c-t-p,2,Republican,1127,1006261.16
dt=1&f-fc=1&c-exi=1&c-r-ot=L&s=AK&y=2012&c-t-p=2,s,AK,AK,y,2012,2012,c-t-p,2,Republican,1017,997571.40
dt=1&f-fc=1&c-exi=1&c-r-ot=L&s=SD&y=2012&c-t-p=1,s,SD,SD,y,2012,2012,c-t-p,1,Democratic,2102,982865.25
dt=1&f-fc=1&c-exi=1&c-r-ot=L&s=VT&y=2010&c-t-p=1,s,VT,VT,y,2010,2010,c-t-p,1,Democratic,3183,981203.08
dt=1&f-fc=1&c-exi=1&c-r-ot=L&s=VT&y=2016&c-t-p=1,s,VT,VT,y,2016,2016,c-t-p,1,Democratic,2831,977310.10
dt=1&f-fc=1&c-exi=1&c-r-ot=L&s=KS&y=2017&c-t-p=1,s,KS,KS,y,2017,2017,c-t-p,1,Democratic,1126,953935.66
dt=1&f-fc=1&c-exi=1&c-r-ot=L&s=ND&y=2012&c-t-p=1,s,ND,ND,y,2012,2012,c-t-p,1,Democratic,1765,950129.79
dt=1&f-fc=1&c-exi=1&c-r-ot=L&s=FL&y=2010&c-t-p=3,s,FL,FL,y,2010,2010,c-t-p,3,Third-Party,829,937411.43
dt=1&f-fc=1&c-exi=1&c-r-ot=L&s=DE&y=2018&c-t-p=1,s,DE,DE,y,2018,2018,c-t-p,1,Democratic,881,936644.66
dt=1&f-fc=1&c-exi=1&c-r-ot=L&s=ND&y=2014&c-t-p=1,s,ND,ND,y,2014,2014,c-t-p,1,Democratic,1525,932410.04
dt=1&f-fc=1&c-exi=1&c-r-ot=L&s=LA&y=2012&c-t-p=1,s,LA,LA,y,2012,2012,c-t-p,1,Democratic,898,925444.00
dt=1&f-fc=1&c-exi=1&c-r-ot=L&s=WV&y=2016&c-t-p=1,s,WV,WV,y,2016,2016,c-t-p,1,Democratic,760,903682.76
dt=1&f-fc=1&c-exi=1&c-r-ot=L&s=KS&y=2016&c-t-p=1,s,KS,KS,y,2016,2016,c-t-p,1,Democratic,1268,867269.41
dt=1&f-fc=1&c-exi=1&c-r-ot=L&s=RI&y=2010&c-t-p=2,s,RI,RI,y,2010,2010,c-t-p,2,Republican,1048,866637.82
dt=1&f-fc=1&c-exi=1&c-r-ot=L&s=AK&y=2018&c-t-p=2,s,AK,AK,y,2018,2018,c-t-p,2,Republican,744,834247.02
dt=1&f-fc=1&c-exi=1&c-r-ot=L&s=NV&y=2011&c-t-p=2,s,NV,NV,y,2011,2011,c-t-p,2,Republican,710,829535.40
dt=1&f-fc=1&c-exi=1&c-r-ot=L&s=NV&y=2011&c-t-p=1,s,NV,NV,y,2011,2011,c-t-p,1,Democratic,850,824590.30
dt=1&f-fc=1&c-exi=1&c-r-ot=L&s=WY&y=2018&c-t-p=2,s,WY,WY,y,2018,2018,c-t-p,2,Republican,490,808759.89
dt=1&f-fc=1&c-exi=1&c-r-ot=L&s=NY&y=2014&c-t-p=3,s,NY,NY,y,2014,2014,c-t-p,3,Third-Party,280,794918.33
dt=1&f-fc=1&c-exi=1&c-r-ot=L&s=UT&y=2017&c-t-p=1,s,UT,UT,y,2017,2017,c-t-p,1,Democratic,875,788329.22
dt=1&f-fc=1&c-exi=1&c-r-ot=L&s=UT&y=2016&c-t-p=1,s,UT,UT,y,2016,2016,c-t-p,1,Democratic,470,762228.82
dt=1&f-fc=1&c-exi=1&c-r-ot=L&s=AK&y=2014&c-t-p=2,s,AK,AK,y,2014,2014,c-t-p,2,Republican,745,726777.16
dt=1&f-fc=1&c-exi=1&c-r-ot=L&s=HI&y=2012&c-t-p=2,s,HI,HI,y,2012,2012,c-t-p,2,Republican,1003,691006.23
dt=1&f-fc=1&c-exi=1&c-r-ot=L&s=NE&y=2012&c-t-p=1,s,NE,NE,y,2012,2012,c-t-p,1,Democratic,1293,687205.71
dt=1&f-fc=1&c-exi=1&c-r-ot=L&s=VT&y=2018&c-t-p=1,s,VT,VT,y,2018,2018,c-t-p,1,Democratic,1162,651975.89
dt=1&f-fc=1&c-exi=1&c-r-ot=L&s=WY&y=2012&c-t-p=2,s,WY,WY,y,2012,2012,c-t-p,2,Republican,760,631391.54
dt=1&f-fc=1&c-exi=1&c-r-ot=L&s=IL&y=2013&c-t-p=1,s,IL,IL,y,2013,2013,c-t-p,1,Democratic,403,564651.32
dt=1&f-fc=1&c-exi=1&c-r-ot=L&s=FL&y=2012&c-t-p=3,s,FL,FL,y,2012,2012,c-t-p,3,Third-Party,453,539223.10
dt=1&f-fc=1&c-exi=1&c-r-ot=L&s=WY&y=2010&c-t-p=2,s,WY,WY,y,2010,2010,c-t-p,2,Republican,826,538748.48
dt=1&f-fc=1&c-exi=1&c-r-ot=L&s=OK&y=2018&c-t-p=1,s,OK,OK,y,2018,2018,c-t-p,1,Democratic,1159,509911.16
dt=1&f-fc=1&c-exi=1&c-r-ot=L&s=MT&y=2010&c-t-p=1,s,MT,MT,y,2010,2010,c-t-p,1,Democratic,2260,485115.05
dt=1&f-fc=1&c-exi=1&c-r-ot=L&s=SD&y=2016&c-t-p=1,s,SD,SD,y,2016,2016,c-t-p,1,Democratic,1578,468379.57
dt=1&f-fc=1&c-exi=1&c-r-ot=L&s=CA&y=2010&c-t-p=3,s,CA,CA,y,2010,2010,c-t-p,3,Third-Party,462,461916.32
dt=1&f-fc=1&c-exi=1&c-r-ot=L&s=MI&y=2012&c-t-p=3,s,MI,MI,y,2012,2012,c-t-p,3,Third-Party,146,443266.00
dt=1&f-fc=1&c-exi=1&c-r-ot=L&s=SD&y=2018&c-t-p=1,s,SD,SD,y,2018,2018,c-t-p,1,Democratic,669,441241.71
dt=1&f-fc=1&c-exi=1&c-r-ot=L&s=WY&y=2014&c-t-p=2,s,WY,WY,y,2014,2014,c-t-p,2,Republican,349,432539.00
dt=1&f-fc=1&c-exi=1&c-r-ot=L&s=ID&y=2012&c-t-p=1,s,ID,ID,y,2012,2012,c-t-p,1,Democratic,702,428464.10
dt=1&f-fc=1&c-exi=1&c-r-ot=L&s=FL&y=2018&c-t-p=3,s,FL,FL,y,2018,2018,c-t-p,3,Third-Party,1709,411241.01
dt=1&f-fc=1&c-exi=1&c-r-ot=L&s=MA&y=2016&c-t-p=2,s,MA,MA,y,2016,2016,c-t-p,2,Republican,649,391706.14
dt=1&f-fc=1&c-exi=1&c-r-ot=L&s=TX&y=2010&c-t-p=3,s,TX,TX,y,2010,2010,c-t-p,3,Third-Party,149,376455.72
dt=1&f-fc=1&c-exi=1&c-r-ot=L&s=CO&y=2012&c-t-p=3,s,CO,CO,y,2012,2012,c-t-p,3,Third-Party,415,367543.45
dt=1&f-fc=1&c-exi=1&c-r-ot=L&s=FL&y=2014&c-t-p=3,s,FL,FL,y,2014,2014,c-t-p,3,Third-Party,289,356506.62
dt=1&f-fc=1&c-exi=1&c-r-ot=L&s=NY&y=2010&c-t-p=3,s,NY,NY,y,2010,2010,c-t-p,3,Third-Party,585,355918.21
dt=1&f-fc=1&c-exi=1&c-r-ot=L&s=ID&y=2014&c-t-p=1,s,ID,ID,y,2014,2014,c-t-p,1,Democratic,626,339820.42
dt=1&f-fc=1&c-exi=1&c-r-ot=L&s=ID&y=2016&c-t-p=1,s,ID,ID,y,2016,2016,c-t-p,1,Democratic,433,336165.30
dt=1&f-fc=1&c-exi=1&c-r-ot=L&s=CT&y=2016&c-t-p=2,s,CT,CT,y,2016,2016,c-t-p,2,Republican,472,326415.37
dt=1&f-fc=1&c-exi=1&c-r-ot=L&s=LA&y=2013&c-t-p=1,s,LA,LA,y,2013,2013,c-t-p,1,Democratic,229,276900.00
dt=1&f-fc=1&c-exi=1&c-r-ot=L&s=OK&y=2014&c-t-p=1,s,OK,OK,y,2014,2014,c-t-p,1,Democratic,457,272771.51
dt=1&f-fc=1&c-exi=1&c-r-ot=L&s=MO&y=2013&c-t-p=1,s,MO,MO,y,2013,2013,c-t-p,1,Democratic,375,271068.89
dt=1&f-fc=1&c-exi=1&c-r-ot=L&s=KS&y=2012&c-t-p=1,s,KS,KS,y,2012,2012,c-t-p,1,Democratic,1458,263266.04
dt=1&f-fc=1&c-exi=1&c-r-ot=L&s=NY&y=2015&c-t-p=1,s,NY,NY,y,2015,2015,c-t-p,1,Democratic,270,249168.50
dt=1&f-fc=1&c-exi=1&c-r-ot=L&s=TN&y=2010&c-t-p=3,s,TN,TN,y,2010,2010,c-t-p,3,Third-Party,311,239332.80
dt=1&f-fc=1&c-exi=1&c-r-ot=L&s=AK&y=2014&c-t-p=1,s,AK,AK,y,2014,2014,c-t-p,1,Democratic,566,236670.12
dt=1&f-fc=1&c-exi=1&c-r-ot=L&s=AK&y=2010&c-t-p=1,s,AK,AK,y,2010,2010,c-t-p,1,Democratic,446,234568.99
dt=1&f-fc=1&c-exi=1&c-r-ot=L&s=ND&y=2016&c-t-p=1,s,ND,ND,y,2016,2016,c-t-p,1,Democratic,202,225824.97
dt=1&f-fc=1&c-exi=1&c-r-ot=L&s=NY&y=2012&c-t-p=3,s,NY,NY,y,2012,2012,c-t-p,3,Third-Party,290,219963.13
dt=1&f-fc=1&c-exi=1&c-r-ot=L&s=MN&y=2010&c-t-p=3,s,MN,MN,y,2010,2010,c-t-p,3,Third-Party,314,219821.27
dt=1&f-fc=1&c-exi=1&c-r-ot=L&s=DE&y=2016&c-t-p=2,s,DE,DE,y,2016,2016,c-t-p,2,Republican,532,219043.57
dt=1&f-fc=1&c-exi=1&c-r-ot=L&s=DE&y=2012&c-t-p=2,s,DE,DE,y,2012,2012,c-t-p,2,Republican,317,219025.00
dt=1&f-fc=1&c-exi=1&c-r-ot=L&s=WA&y=2016&c-t-p=3,s,WA,WA,y,2016,2016,c-t-p,3,Third-Party,65,202424.67
dt=1&f-fc=1&c-exi=1&c-r-ot=L&s=WY&y=2016&c-t-p=1,s,WY,WY,y,2016,2016,c-t-p,1,Democratic,207,196513.68
dt=1&f-fc=1&c-exi=1&c-r-ot=L&s=AK&y=2018&c-t-p=1,s,AK,AK,y,2018,2018,c-t-p,1,Democratic,93,190924.57
dt=1&f-fc=1&c-exi=1&c-r-ot=L&s=VA&y=2010&c-t-p=3,s,VA,VA,y,2010,2010,c-t-p,3,Third-Party,201,181824.13
dt=1&f-fc=1&c-exi=1&c-r-ot=L&s=OH&y=2010&c-t-p=3,s,OH,OH,y,2010,2010,c-t-p,3,Third-Party,147,179959.87
dt=1&f-fc=1&c-exi=1&c-r-ot=L&s=PA&y=2014&c-t-p=3,s,PA,PA,y,2014,2014,c-t-p,3,Third-Party,266,167214.95
dt=1&f-fc=1&c-exi=1&c-r-ot=L&s=SD&y=2014&c-t-p=1,s,SD,SD,y,2014,2014,c-t-p,1,Democratic,221,159359.62
dt=1&f-fc=1&c-exi=1&c-r-ot=L&s=MA&y=2010&c-t-p=3,s,MA,MA,y,2010,2010,c-t-p,3,Third-Party,203,150094.91
dt=1&f-fc=1&c-exi=1&c-r-ot=L&s=MI&y=2010&c-t-p=3,s,MI,MI,y,2010,2010,c-t-p,3,Third-Party,265,147074.91
dt=1&f-fc=1&c-exi=1&c-r-ot=L&s=OK&y=2016&c-t-p=1,s,OK,OK,y,2016,2016,c-t-p,1,Democratic,232,136558.26
dt=1&f-fc=1&c-exi=1&c-r-ot=L&s=CA&y=2018&c-t-p=3,s,CA,CA,y,2018,2018,c-t-p,3,Third-Party,193,124701.45
dt=1&f-fc=1&c-exi=1&c-r-ot=L&s=MA&y=2013&c-t-p=2,s,MA,MA,y,2013,2013,c-t-p,2,Republican,461,119453.08
dt=1&f-fc=1&c-exi=1&c-r-ot=L&s=CA&y=2011&c-t-p=3,s,CA,CA,y,2011,2011,c-t-p,3,Third-Party,23,114147.00
dt=1&f-fc=1&c-exi=1&c-r-ot=L&s=RI&y=2016&c-t-p=2,s,RI,RI,y,2016,2016,c-t-p,2,Republican,216,104966.21
dt=1&f-fc=1&c-exi=1&c-r-ot=L&s=SC&y=2010&c-t-p=3,s,SC,SC,y,2010,2010,c-t-p,3,Third-Party,84,102860.84
dt=1&f-fc=1&c-exi=1&c-r-ot=L&s=WV&y=2016&c-t-p=3,s,WV,WV,y,2016,2016,c-t-p,3,Third-Party,68,101355.46
dt=1&f-fc=1&c-exi=1&c-r-ot=L&s=HI&y=2018&c-t-p=2,s,HI,HI,y,2018,2018,c-t-p,2,Republican,98,100979.42
dt=1&f-fc=1&c-exi=1&c-r-ot=L&s=CA&y=2016&c-t-p=3,s,CA,CA,y,2016,2016,c-t-p,3,Third-Party,172,99182.34
dt=1&f-fc=1&c-exi=1&c-r-ot=L&s=ND&y=2010&c-t-p=3,s,ND,ND,y,2010,2010,c-t-p,3,Third-Party,132,98212.26
dt=1&f-fc=1&c-exi=1&c-r-ot=L&s=MA&y=2016&c-t-p=3,s,MA,MA,y,2016,2016,c-t-p,3,Third-Party,116,89214.50
dt=1&f-fc=1&c-exi=1&c-r-ot=L&s=CA&y=2017&c-t-p=3,s,CA,CA,y,2017,2017,c-t-p,3,Third-Party,94,87836.11
dt=1&f-fc=1&c-exi=1&c-r-ot=L&s=UT&y=2014&c-t-p=3,s,UT,UT,y,2014,2014,c-t-p,3,Third-Party,70,81649.00
dt=1&f-fc=1&c-exi=1&c-r-ot=L&s=FL&y=2016&c-t-p=3,s,FL,FL,y,2016,2016,c-t-p,3,Third-Party,71,81178.03
dt=1&f-fc=1&c-exi=1&c-r-ot=L&s=WA&y=2014&c-t-p=3,s,WA,WA,y,2014,2014,c-t-p,3,Third-Party,66,78872.00
dt=1&f-fc=1&c-exi=1&c-r-ot=L&s=AK&y=2012&c-t-p=1,s,AK,AK,y,2012,2012,c-t-p,1,Democratic,51,78634.92
dt=1&f-fc=1&c-exi=1&c-r-ot=L&s=VT&y=2010&c-t-p=2,s,VT,VT,y,2010,2010,c-t-p,2,Republican,81,78142.98
dt=1&f-fc=1&c-exi=1&c-r-ot=L&s=VA&y=2014&c-t-p=3,s,VA,VA,y,2014,2014,c-t-p,3,Third-Party,150,69808.53
dt=1&f-fc=1&c-exi=1&c-r-ot=L&s=NM&y=2018&c-t-p=3,s,NM,NM,y,2018,2018,c-t-p,3,Third-Party,105,69525.42
dt=1&f-fc=1&c-exi=1&c-r-ot=L&s=WY&y=2010&c-t-p=1,s,WY,WY,y,2010,2010,c-t-p,1,Democratic,68,65708.80
dt=1&f-fc=1&c-exi=1&c-r-ot=L&s=CO&y=2010&c-t-p=3,s,CO,CO,y,2010,2010,c-t-p,3,Third-Party,65,65012.49
dt=1&f-fc=1&c-exi=1&c-r-ot=L&s=UT&y=2017&c-t-p=3,s,UT,UT,y,2017,2017,c-t-p,3,Third-Party,73,64357.15
dt=1&f-fc=1&c-exi=1&c-r-ot=L&s=TX&y=2018&c-t-p=3,s,TX,TX,y,2018,2018,c-t-p,3,Third-Party,25,61250.00
dt=1&f-fc=1&c-exi=1&c-r-ot=L&s=PA&y=2010&c-t-p=5,s,PA,PA,y,2010,2010,c-t-p,5,Unknown,214,59213.67
dt=1&f-fc=1&c-exi=1&c-r-ot=L&s=MA&y=2014&c-t-p=3,s,MA,MA,y,2014,2014,c-t-p,3,Third-Party,37,58036.00
dt=1&f-fc=1&c-exi=1&c-r-ot=L&s=NE&y=2010&c-t-p=3,s,NE,NE,y,2010,2010,c-t-p,3,Third-Party,24,55063.03
dt=1&f-fc=1&c-exi=1&c-r-ot=L&s=MD&y=2010&c-t-p=3,s,MD,MD,y,2010,2010,c-t-p,3,Third-Party,84,54921.16
dt=1&f-fc=1&c-exi=1&c-r-ot=L&s=RI&y=2014&c-t-p=2,s,RI,RI,y,2014,2014,c-t-p,2,Republican,83,53733.00
dt=1&f-fc=1&c-exi=1&c-r-ot=L&s=MS&y=2010&c-t-p=3,s,MS,MS,y,2010,2010,c-t-p,3,Third-Party,87,53074.00
dt=1&f-fc=1&c-exi=1&c-r-ot=L&s=WA&y=2012&c-t-p=3,s,WA,WA,y,2012,2012,c-t-p,3,Third-Party,75,52429.84
dt=1&f-fc=1&c-exi=1&c-r-ot=L&s=TX&y=2012&c-t-p=3,s,TX,TX,y,2012,2012,c-t-p,3,Third-Party,79,52153.38
dt=1&f-fc=1&c-exi=1&c-r-ot=L&s=HI&y=2016&c-t-p=2,s,HI,HI,y,2016,2016,c-t-p,2,Republican,70,42274.86
dt=1&f-fc=1&c-exi=1&c-r-ot=L&s=WI&y=2016&c-t-p=3,s,WI,WI,y,2016,2016,c-t-p,3,Third-Party,62,38317.05
dt=1&f-fc=1&c-exi=1&c-r-ot=L&s=VA&y=2012&c-t-p=3,s,VA,VA,y,2012,2012,c-t-p,3,Third-Party,129,38081.04
dt=1&f-fc=1&c-exi=1&c-r-ot=L&s=OH&y=2016&c-t-p=3,s,OH,OH,y,2016,2016,c-t-p,3,Third-Party,34,37809.82
dt=1&f-fc=1&c-exi=1&c-r-ot=L&s=IL&y=2012&c-t-p=3,s,IL,IL,y,2012,2012,c-t-p,3,Third-Party,194,34395.12
dt=1&f-fc=1&c-exi=1&c-r-ot=L&s=OK&y=2010&c-t-p=3,s,OK,OK,y,2010,2010,c-t-p,3,Third-Party,19,32522.04
dt=1&f-fc=1&c-exi=1&c-r-ot=L&s=WY&y=2018&c-t-p=1,s,WY,WY,y,2018,2018,c-t-p,1,Democratic,9,32430.00
dt=1&f-fc=1&c-exi=1&c-r-ot=L&s=NC&y=2014&c-t-p=3,s,NC,NC,y,2014,2014,c-t-p,3,Third-Party,34,29041.57
dt=1&f-fc=1&c-exi=1&c-r-ot=L&s=MO&y=2010&c-t-p=3,s,MO,MO,y,2010,2010,c-t-p,3,Third-Party,77,28840.63
dt=1&f-fc=1&c-exi=1&c-r-ot=L&s=AL&y=2014&c-t-p=3,s,AL,AL,y,2014,2014,c-t-p,3,Third-Party,51,27263.10
dt=1&f-fc=1&c-exi=1&c-r-ot=L&s=OR&y=2010&c-t-p=3,s,OR,OR,y,2010,2010,c-t-p,3,Third-Party,36,26859.99
dt=1&f-fc=1&c-exi=1&c-r-ot=L&s=NV&y=2016&c-t-p=3,s,NV,NV,y,2016,2016,c-t-p,3,Third-Party,40,26344.17
dt=1&f-fc=1&c-exi=1&c-r-ot=L&s=IL&y=2009&c-t-p=2,s,IL,IL,y,2009,2009,c-t-p,2,Republican,25,26201.00
dt=1&f-fc=1&c-exi=1&c-r-ot=L&s=AZ&y=2014&c-t-p=3,s,AZ,AZ,y,2014,2014,c-t-p,3,Third-Party,41,25760.00
dt=1&f-fc=1&c-exi=1&c-r-ot=L&s=IN&y=2016&c-t-p=3,s,IN,IN,y,2016,2016,c-t-p,3,Third-Party,40,25651.43
dt=1&f-fc=1&c-exi=1&c-r-ot=L&s=NJ&y=2010&c-t-p=3,s,NJ,NJ,y,2010,2010,c-t-p,3,Third-Party,48,24945.82
dt=1&f-fc=1&c-exi=1&c-r-ot=L&s=NH&y=2010&c-t-p=3,s,NH,NH,y,2010,2010,c-t-p,3,Third-Party,10,24890.00
dt=1&f-fc=1&c-exi=1&c-r-ot=L&s=AR&y=2016&c-t-p=1,s,AR,AR,y,2016,2016,c-t-p,1,Democratic,34,23659.52
dt=1&f-fc=1&c-exi=1&c-r-ot=L&s=PA&y=2012&c-t-p=3,s,PA,PA,y,2012,2012,c-t-p,3,Third-Party,33,22868.70
dt=1&f-fc=1&c-exi=1&c-r-ot=L&s=IL&y=2013&c-t-p=2,s,IL,IL,y,2013,2013,c-t-p,2,Republican,24,22848.44
dt=1&f-fc=1&c-exi=1&c-r-ot=L&s=TN&y=2012&c-t-p=3,s,TN,TN,y,2012,2012,c-t-p,3,Third-Party,55,22703.06
dt=1&f-fc=1&c-exi=1&c-r-ot=L&s=WA&y=2010&c-t-p=3,s,WA,WA,y,2010,2010,c-t-p,3,Third-Party,67,22633.54
dt=1&f-fc=1&c-exi=1&c-r-ot=L&s=MS&y=2012&c-t-p=3,s,MS,MS,y,2012,2012,c-t-p,3,Third-Party,46,22558.00
dt=1&f-fc=1&c-exi=1&c-r-ot=L&s=WI&y=2014&c-t-p=3,s,WI,WI,y,2014,2014,c-t-p,3,Third-Party,29,22258.00
dt=1&f-fc=1&c-exi=1&c-r-ot=L&s=CO&y=2014&c-t-p=3,s,CO,CO,y,2014,2014,c-t-p,3,Third-Party,63,22100.51
dt=1&f-fc=1&c-exi=1&c-r-ot=L&s=MS&y=2014&c-t-p=3,s,MS,MS,y,2014,2014,c-t-p,3,Third-Party,37,21947.00
dt=1&f-fc=1&c-exi=1&c-r-ot=L&s=DE&y=2014&c-t-p=2,s,DE,DE,y,2014,2014,c-t-p,2,Republican,20,21742.95
dt=1&f-fc=1&c-exi=1&c-r-ot=L&s=NC&y=2016&c-t-p=3,s,NC,NC,y,2016,2016,c-t-p,3,Third-Party,22,21511.64
dt=1&f-fc=1&c-exi=1&c-r-ot=L&s=IL&y=2014&c-t-p=3,s,IL,IL,y,2014,2014,c-t-p,3,Third-Party,87,21484.11
dt=1&f-fc=1&c-exi=1&c-r-ot=L&s=NV&y=2012&c-t-p=3,s,NV,NV,y,2012,2012,c-t-p,3,Third-Party,17,21452.00
dt=1&f-fc=1&c-exi=1&c-r-ot=L&s=LA&y=2014&c-t-p=3,s,LA,LA,y,2014,2014,c-t-p,3,Third-Party,43,20737.26
dt=1&f-fc=1&c-exi=1&c-r-ot=L&s=MA&y=2012&c-t-p=3,s,MA,MA,y,2012,2012,c-t-p,3,Third-Party,28,20385.48
dt=1&f-fc=1&c-exi=1&c-r-ot=L&s=IN&y=2012&c-t-p=3,s,IN,IN,y,2012,2012,c-t-p,3,Third-Party,41,20040.42
dt=1&f-fc=1&c-exi=1&c-r-ot=L&s=IA&y=2014&c-t-p=3,s,IA,IA,y,2014,2014,c-t-p,3,Third-Party,110,19096.57
dt=1&f-fc=1&c-exi=1&c-r-ot=L&s=VA&y=2010&c-t-p=5,s,VA,VA,y,2010,2010,c-t-p,5,Unknown,138,18289.26
dt=1&f-fc=1&c-exi=1&c-r-ot=L&s=ID&y=2018&c-t-p=1,s,ID,ID,y,2018,2018,c-t-p,1,Democratic,26,17947.50
dt=1&f-fc=1&c-exi=1&c-r-ot=L&s=LA&y=2018&c-t-p=3,s,LA,LA,y,2018,2018,c-t-p,3,Third-Party,9,16436.02
dt=1&f-fc=1&c-exi=1&c-r-ot=L&s=ME&y=2014&c-t-p=3,s,ME,ME,y,2014,2014,c-t-p,3,Third-Party,22,15682.73
dt=1&f-fc=1&c-exi=1&c-r-ot=L&s=LA&y=2010&c-t-p=3,s,LA,LA,y,2010,2010,c-t-p,3,Third-Party,72,15587.82
dt=1&f-fc=1&c-exi=1&c-r-ot=L&s=OK&y=2014&c-t-p=3,s,OK,OK,y,2014,2014,c-t-p,3,Third-Party,8,15502.00
dt=1&f-fc=1&c-exi=1&c-r-ot=L&s=CT&y=2010&c-t-p=3,s,CT,CT,y,2010,2010,c-t-p,3,Third-Party,35,15240.84
dt=1&f-fc=1&c-exi=1&c-r-ot=L&s=CT&y=2012&c-t-p=3,s,CT,CT,y,2012,2012,c-t-p,3,Third-Party,25,14904.14
dt=1&f-fc=1&c-exi=1&c-r-ot=L&s=IN&y=2010&c-t-p=3,s,IN,IN,y,2010,2010,c-t-p,3,Third-Party,38,14687.50
dt=1&f-fc=1&c-exi=1&c-r-ot=L&s=MN&y=2014&c-t-p=3,s,MN,MN,y,2014,2014,c-t-p,3,Third-Party,46,14275.41
dt=1&f-fc=1&c-exi=1&c-r-ot=L&s=NY&y=2015&c-t-p=3,s,NY,NY,y,2015,2015,c-t-p,3,Third-Party,27,14241.00
dt=1&f-fc=1&c-exi=1&c-r-ot=L&s=IL&y=2015&c-t-p=1,s,IL,IL,y,2015,2015,c-t-p,1,Democratic,16,13633.02
dt=1&f-fc=1&c-exi=1&c-r-ot=L&s=WV&y=2014&c-t-p=3,s,WV,WV,y,2014,2014,c-t-p,3,Third-Party,22,13533.29
dt=1&f-fc=1&c-exi=1&c-r-ot=L&s=NC&y=2010&c-t-p=3,s,NC,NC,y,2010,2010,c-t-p,3,Third-Party,26,13396.30
dt=1&f-fc=1&c-exi=1&c-r-ot=L&s=MD&y=2016&c-t-p=3,s,MD,MD,y,2016,2016,c-t-p,3,Third-Party,30,12558.36
dt=1&f-fc=1&c-exi=1&c-r-ot=L&s=UT&y=2010&c-t-p=3,s,UT,UT,y,2010,2010,c-t-p,3,Third-Party,23,12521.86
dt=1&f-fc=1&c-exi=1&c-r-ot=L&s=AL&y=2013&c-t-p=1,s,AL,AL,y,2013,2013,c-t-p,1,Democratic,57,12440.00
dt=1&f-fc=1&c-exi=1&c-r-ot=L&s=AR&y=2014&c-t-p=3,s,AR,AR,y,2014,2014,c-t-p,3,Third-Party,15,11505.00
dt=1&f-fc=1&c-exi=1&c-r-ot=L&s=OK&y=2018&c-t-p=3,s,OK,OK,y,2018,2018,c-t-p,3,Third-Party,1,11362.87
dt=1&f-fc=1&c-exi=1&c-r-ot=L&s=GA&y=2017&c-t-p=3,s,GA,GA,y,2017,2017,c-t-p,3,Third-Party,8,11285.54
dt=1&f-fc=1&c-exi=1&c-r-ot=L&s=VT&y=2014&c-t-p=2,s,VT,VT,y,2014,2014,c-t-p,2,Republican,16,11016.74
dt=1&f-fc=1&c-exi=1&c-r-ot=L&s=IN&y=2014&c-t-p=3,s,IN,IN,y,2014,2014,c-t-p,3,Third-Party,38,10914.98
dt=1&f-fc=1&c-exi=1&c-r-ot=L&s=PA&y=2010&c-t-p=3,s,PA,PA,y,2010,2010,c-t-p,3,Third-Party,10,10553.43
dt=1&f-fc=1&c-exi=1&c-r-ot=L&s=NJ&y=2016&c-t-p=3,s,NJ,NJ,y,2016,2016,c-t-p,3,Third-Party,15,10195.25
dt=1&f-fc=1&c-exi=1&c-r-ot=L&s=MD&y=2012&c-t-p=3,s,MD,MD,y,2012,2012,c-t-p,3,Third-Party,32,9727.95
dt=1&f-fc=1&c-exi=1&c-r-ot=L&s=AZ&y=2012&c-t-p=3,s,AZ,AZ,y,2012,2012,c-t-p,3,Third-Party,11,9629.00
dt=1&f-fc=1&c-exi=1&c-r-ot=L&s=MT&y=2017&c-t-p=3,s,MT,MT,y,2017,2017,c-t-p,3,Third-Party,44,8842.00
dt=1&f-fc=1&c-exi=1&c-r-ot=L&s=AZ&y=2010&c-t-p=3,s,AZ,AZ,y,2010,2010,c-t-p,3,Third-Party,8,8820.00
dt=1&f-fc=1&c-exi=1&c-r-ot=L&s=IA&y=2012&c-t-p=3,s,IA,IA,y,2012,2012,c-t-p,3,Third-Party,8,8745.00
dt=1&f-fc=1&c-exi=1&c-r-ot=L&s=KY&y=2014&c-t-p=3,s,KY,KY,y,2014,2014,c-t-p,3,Third-Party,9,8629.73
dt=1&f-fc=1&c-exi=1&c-r-ot=L&s=LA&y=2012&c-t-p=3,s,LA,LA,y,2012,2012,c-t-p,3,Third-Party,5,8390.00
dt=1&f-fc=1&c-exi=1&c-r-ot=L&s=ND&y=2014&c-t-p=3,s,ND,ND,y,2014,2014,c-t-p,3,Third-Party,8,8293.00
dt=1&f-fc=1&c-exi=1&c-r-ot=L&s=MO&y=2014&c-t-p=3,s,MO,MO,y,2014,2014,c-t-p,3,Third-Party,14,8147.98
dt=1&f-fc=1&c-exi=1&c-r-ot=L&s=GA&y=2010&c-t-p=3,s,GA,GA,y,2010,2010,c-t-p,3,Third-Party,6,7578.00
dt=1&f-fc=1&c-exi=1&c-r-ot=L&s=MI&y=2016&c-t-p=3,s,MI,MI,y,2016,2016,c-t-p,3,Third-Party,18,7493.30
dt=1&f-fc=1&c-exi=1&c-r-ot=L&s=WA&y=2018&c-t-p=3,s,WA,WA,y,2018,2018,c-t-p,3,Third-Party,11,7240.00
dt=1&f-fc=1&c-exi=1&c-r-ot=L&s=VA&y=2018&c-t-p=3,s,VA,VA,y,2018,2018,c-t-p,3,Third-Party,37,7074.20
dt=1&f-fc=1&c-exi=1&c-r-ot=L&s=SD&y=2010&c-t-p=3,s,SD,SD,y,2010,2010,c-t-p,3,Third-Party,11,6887.12
dt=1&f-fc=1&c-exi=1&c-r-ot=L&s=DE&y=2010&c-t-p=3,s,DE,DE,y,2010,2010,c-t-p,3,Third-Party,17,6874.82
dt=1&f-fc=1&c-exi=1&c-r-ot=L&s=OH&y=2014&c-t-p=3,s,OH,OH,y,2014,2014,c-t-p,3,Third-Party,21,6693.21
dt=1&f-fc=1&c-exi=1&c-r-ot=L&s=DE&y=2018&c-t-p=2,s,DE,DE,y,2018,2018,c-t-p,2,Republican,15,5750.00
dt=1&f-fc=1&c-exi=1&c-r-ot=L&s=VT&y=2018&c-t-p=2,s,VT,VT,y,2018,2018,c-t-p,2,Republican,3,5650.00
dt=1&f-fc=1&c-exi=1&c-r-ot=L&s=NJ&y=2012&c-t-p=3,s,NJ,NJ,y,2012,2012,c-t-p,3,Third-Party,8,5536.22
dt=1&f-fc=1&c-exi=1&c-r-ot=L&s=MO&y=2013&c-t-p=3,s,MO,MO,y,2013,2013,c-t-p,3,Third-Party,9,5530.00
dt=1&f-fc=1&c-exi=1&c-r-ot=L&s=IL&y=2016&c-t-p=3,s,IL,IL,y,2016,2016,c-t-p,3,Third-Party,18,5493.36
dt=1&f-fc=1&c-exi=1&c-r-ot=L&s=SC&y=2017&c-t-p=3,s,SC,SC,y,2017,2017,c-t-p,3,Third-Party,13,5351.68
dt=1&f-fc=1&c-exi=1&c-r-ot=L&s=MT&y=2018&c-t-p=3,s,MT,MT,y,2018,2018,c-t-p,3,Third-Party,18,4725.17
dt=1&f-fc=1&c-exi=1&c-r-ot=L&s=AZ&y=2018&c-t-p=3,s,AZ,AZ,y,2018,2018,c-t-p,3,Third-Party,4,4644.00
dt=1&f-fc=1&c-exi=1&c-r-ot=L&s=OK&y=2016&c-t-p=3,s,OK,OK,y,2016,2016,c-t-p,3,Third-Party,1,4500.00
dt=1&f-fc=1&c-exi=1&c-r-ot=L&s=NC&y=2012&c-t-p=3,s,NC,NC,y,2012,2012,c-t-p,3,Third-Party,46,4466.00
dt=1&f-fc=1&c-exi=1&c-r-ot=L&s=IL&y=2010&c-t-p=3,s,IL,IL,y,2010,2010,c-t-p,3,Third-Party,22,4442.88
dt=1&f-fc=1&c-exi=1&c-r-ot=L&s=RI&y=2018&c-t-p=2,s,RI,RI,y,2018,2018,c-t-p,2,Republican,6,4407.00
dt=1&f-fc=1&c-exi=1&c-r-ot=L&s=MI&y=2014&c-t-p=3,s,MI,MI,y,2014,2014,c-t-p,3,Third-Party,13,4121.82
dt=1&f-fc=1&c-exi=1&c-r-ot=L&s=MN&y=2016&c-t-p=3,s,MN,MN,y,2016,2016,c-t-p,3,Third-Party,13,3817.61
dt=1&f-fc=1&c-exi=1&c-r-ot=L&s=TX&y=2016&c-t-p=3,s,TX,TX,y,2016,2016,c-t-p,3,Third-Party,13,3808.45
dt=1&f-fc=1&c-exi=1&c-r-ot=L&s=TN&y=2018&c-t-p=3,s,TN,TN,y,2018,2018,c-t-p,3,Third-Party,8,3756.24
dt=1&f-fc=1&c-exi=1&c-r-ot=L&s=KS&y=2012&c-t-p=3,s,KS,KS,y,2012,2012,c-t-p,3,Third-Party,15,3246.00
dt=1&f-fc=1&c-exi=1&c-r-ot=L&s=MD&y=2014&c-t-p=3,s,MD,MD,y,2014,2014,c-t-p,3,Third-Party,13,3067.00
dt=1&f-fc=1&c-exi=1&c-r-ot=L&s=NJ&y=2018&c-t-p=3,s,NJ,NJ,y,2018,2018,c-t-p,3,Third-Party,3,2819.87
dt=1&f-fc=1&c-exi=1&c-r-ot=L&s=KY&y=2012&c-t-p=3,s,KY,KY,y,2012,2012,c-t-p,3,Third-Party,3,2760.00
dt=1&f-fc=1&c-exi=1&c-r-ot=L&s=MO&y=2016&c-t-p=3,s,MO,MO,y,2016,2016,c-t-p,3,Third-Party,4,2663.00
dt=1&f-fc=1&c-exi=1&c-r-ot=L&s=ID&y=2010&c-t-p=3,s,ID,ID,y,2010,2010,c-t-p,3,Third-Party,9,2645.86
dt=1&f-fc=1&c-exi=1&c-r-ot=L&s=ND&y=2016&c-t-p=3,s,ND,ND,y,2016,2016,c-t-p,3,Third-Party,6,2530.00
dt=1&f-fc=1&c-exi=1&c-r-ot=L&s=NJ&y=2014&c-t-p=3,s,NJ,NJ,y,2014,2014,c-t-p,3,Third-Party,4,2178.00
dt=1&f-fc=1&c-exi=1&c-r-ot=L&s=WY&y=2012&c-t-p=3,s,WY,WY,y,2012,2012,c-t-p,3,Third-Party,15,1958.71
dt=1&f-fc=1&c-exi=1&c-r-ot=L&s=OH&y=2012&c-t-p=3,s,OH,OH,y,2012,2012,c-t-p,3,Third-Party,12,1516.47
dt=1&f-fc=1&c-exi=1&c-r-ot=L&s=ID&y=2016&c-t-p=3,s,ID,ID,y,2016,2016,c-t-p,3,Third-Party,13,1438.62
dt=1&f-fc=1&c-exi=1&c-r-ot=L&s=AK&y=2014&c-t-p=3,s,AK,AK,y,2014,2014,c-t-p,3,Third-Party,5,1260.00
dt=1&f-fc=1&c-exi=1&c-r-ot=L&s=LA&y=2016&c-t-p=3,s,LA,LA,y,2016,2016,c-t-p,3,Third-Party,6,1195.00
dt=1&f-fc=1&c-exi=1&c-r-ot=L&s=WI&y=2012&c-t-p=3,s,WI,WI,y,2012,2012,c-t-p,3,Third-Party,3,1118.00
dt=1&f-fc=1&c-exi=1&c-r-ot=L&s=AZ&y=2016&c-t-p=3,s,AZ,AZ,y,2016,2016,c-t-p,3,Third-Party,13,1102.84
dt=1&f-fc=1&c-exi=1&c-r-ot=L&s=GA&y=2012&c-t-p=3,s,GA,GA,y,2012,2012,c-t-p,3,Third-Party,1,900.00
dt=1&f-fc=1&c-exi=1&c-r-ot=L&s=MD&y=2018&c-t-p=3,s,MD,MD,y,2018,2018,c-t-p,3,Third-Party,4,900.00
dt=1&f-fc=1&c-exi=1&c-r-ot=L&s=WY&y=2014&c-t-p=3,s,WY,WY,y,2014,2014,c-t-p,3,Third-Party,2,600.00
dt=1&f-fc=1&c-exi=1&c-r-ot=L&s=WY&y=2016&c-t-p=3,s,WY,WY,y,2016,2016,c-t-p,3,Third-Party,2,600.00
dt=1&f-fc=1&c-exi=1&c-r-ot=L&s=TN&y=2016&c-t-p=3,s,TN,TN,y,2016,2016,c-t-p,3,Third-Party,3,502.00
dt=1&f-fc=1&c-exi=1&c-r-ot=L&s=TX&y=2014&c-t-p=3,s,TX,TX,y,2014,2014,c-t-p,3,Third-Party,2,501.00
dt=1&f-fc=1&c-exi=1&c-r-ot=L&s=CO&y=2018&c-t-p=3,s,CO,CO,y,2018,2018,c-t-p,3,Third-Party,1,500.00
dt=1&f-fc=1&c-exi=1&c-r-ot=L&s=OH&y=2018&c-t-p=3,s,OH,OH,y,2018,2018,c-t-p,3,Third-Party,1,300.00
dt=1&f-fc=1&c-exi=1&c-r-ot=L&s=OR&y=2018&c-t-p=3,s,OR,OR,y,2018,2018,c-t-p,3,Third-Party,1,250.00
dt=1&f-fc=1&c-exi=1&c-r-ot=L&s=ME&y=2018&c-t-p=3,s,ME,ME,y,2018,2018,c-t-p,3,Third-Party,1,25.00
dt=1&f-fc=1&c-exi=1&c-r-ot=L&s=AK&y=2012&c-t-p=3,s,AK,AK,y,2012,2012,c-t-p,3,Third-Party,0,0.00
dt=1&f-fc=1&c-exi=1&c-r-ot=L&s=AK&y=2016&c-t-p=3,s,AK,AK,y,2016,2016,c-t-p,3,Third-Party,0,0.00
dt=1&f-fc=1&c-exi=1&c-r-ot=L&s=AL&y=2010&c-t-p=3,s,AL,AL,y,2010,2010,c-t-p,3,Third-Party,0,0.00
dt=1&f-fc=1&c-exi=1&c-r-ot=L&s=AR&y=2010&c-t-p=3,s,AR,AR,y,2010,2010,c-t-p,3,Third-Party,0,0.00
dt=1&f-fc=1&c-exi=1&c-r-ot=L&s=AR&y=2012&c-t-p=3,s,AR,AR,y,2012,2012,c-t-p,3,Third-Party,0,0.00
dt=1&f-fc=1&c-exi=1&c-r-ot=L&s=AR&y=2016&c-t-p=3,s,AR,AR,y,2016,2016,c-t-p,3,Third-Party,0,0.00
dt=1&f-fc=1&c-exi=1&c-r-ot=L&s=AR&y=2018&c-t-p=3,s,AR,AR,y,2018,2018,c-t-p,3,Third-Party,0,0.00
dt=1&f-fc=1&c-exi=1&c-r-ot=L&s=CA&y=2009&c-t-p=3,s,CA,CA,y,2009,2009,c-t-p,3,Third-Party,0,0.00
dt=1&f-fc=1&c-exi=1&c-r-ot=L&s=CA&y=2011&c-t-p=5,s,CA,CA,y,2011,2011,c-t-p,5,Unknown,0,0.00
dt=1&f-fc=1&c-exi=1&c-r-ot=L&s=CA&y=2017&c-t-p=2,s,CA,CA,y,2017,2017,c-t-p,2,Republican,0,0.00
dt=1&f-fc=1&c-exi=1&c-r-ot=L&s=CO&y=2016&c-t-p=3,s,CO,CO,y,2016,2016,c-t-p,3,Third-Party,0,0.00
dt=1&f-fc=1&c-exi=1&c-r-ot=L&s=CT&y=2014&c-t-p=3,s,CT,CT,y,2014,2014,c-t-p,3,Third-Party,0,0.00
dt=1&f-fc=1&c-exi=1&c-r-ot=L&s=CT&y=2016&c-t-p=3,s,CT,CT,y,2016,2016,c-t-p,3,Third-Party,0,0.00
dt=1&f-fc=1&c-exi=1&c-r-ot=L&s=CT&y=2018&c-t-p=2,s,CT,CT,y,2018,2018,c-t-p,2,Republican,0,0.00
dt=1&f-fc=1&c-exi=1&c-r-ot=L&s=DE&y=2012&c-t-p=3,s,DE,DE,y,2012,2012,c-t-p,3,Third-Party,0,0.00
dt=1&f-fc=1&c-exi=1&c-r-ot=L&s=DE&y=2014&c-t-p=3,s,DE,DE,y,2014,2014,c-t-p,3,Third-Party,0,0.00
dt=1&f-fc=1&c-exi=1&c-r-ot=L&s=DE&y=2016&c-t-p=3,s,DE,DE,y,2016,2016,c-t-p,3,Third-Party,0,0.00
dt=1&f-fc=1&c-exi=1&c-r-ot=L&s=GA&y=2018&c-t-p=3,s,GA,GA,y,2018,2018,c-t-p,3,Third-Party,0,0.00
dt=1&f-fc=1&c-exi=1&c-r-ot=L&s=HI&y=2010&c-t-p=3,s,HI,HI,y,2010,2010,c-t-p,3,Third-Party,0,0.00
dt=1&f-fc=1&c-exi=1&c-r-ot=L&s=HI&y=2014&c-t-p=3,s,HI,HI,y,2014,2014,c-t-p,3,Third-Party,0,0.00
dt=1&f-fc=1&c-exi=1&c-r-ot=L&s=HI&y=2016&c-t-p=3,s,HI,HI,y,2016,2016,c-t-p,3,Third-Party,0,0.00
dt=1&f-fc=1&c-exi=1&c-r-ot=L&s=IA&y=2010&c-t-p=3,s,IA,IA,y,2010,2010,c-t-p,3,Third-Party,0,0.00
dt=1&f-fc=1&c-exi=1&c-r-ot=L&s=IA&y=2016&c-t-p=3,s,IA,IA,y,2016,2016,c-t-p,3,Third-Party,0,0.00
dt=1&f-fc=1&c-exi=1&c-r-ot=L&s=ID&y=2012&c-t-p=3,s,ID,ID,y,2012,2012,c-t-p,3,Third-Party,0,0.00
dt=1&f-fc=1&c-exi=1&c-r-ot=L&s=ID&y=2018&c-t-p=3,s,ID,ID,y,2018,2018,c-t-p,3,Third-Party,0,0.00
dt=1&f-fc=1&c-exi=1&c-r-ot=L&s=IL&y=2009&c-t-p=3,s,IL,IL,y,2009,2009,c-t-p,3,Third-Party,0,0.00
dt=1&f-fc=1&c-exi=1&c-r-ot=L&s=IL&y=2013&c-t-p=3,s,IL,IL,y,2013,2013,c-t-p,3,Third-Party,0,0.00
dt=1&f-fc=1&c-exi=1&c-r-ot=L&s=IL&y=2018&c-t-p=3,s,IL,IL,y,2018,2018,c-t-p,3,Third-Party,0,0.00
dt=1&f-fc=1&c-exi=1&c-r-ot=L&s=KS&y=2010&c-t-p=3,s,KS,KS,y,2010,2010,c-t-p,3,Third-Party,0,0.00
dt=1&f-fc=1&c-exi=1&c-r-ot=L&s=KS&y=2014&c-t-p=3,s,KS,KS,y,2014,2014,c-t-p,3,Third-Party,0,0.00
dt=1&f-fc=1&c-exi=1&c-r-ot=L&s=KS&y=2017&c-t-p=3,s,KS,KS,y,2017,2017,c-t-p,3,Third-Party,0,0.00
dt=1&f-fc=1&c-exi=1&c-r-ot=L&s=KS&y=2018&c-t-p=3,s,KS,KS,y,2018,2018,c-t-p,3,Third-Party,0,0.00
dt=1&f-fc=1&c-exi=1&c-r-ot=L&s=KY&y=2010&c-t-p=3,s,KY,KY,y,2010,2010,c-t-p,3,Third-Party,0,0.00
dt=1&f-fc=1&c-exi=1&c-r-ot=L&s=KY&y=2016&c-t-p=3,s,KY,KY,y,2016,2016,c-t-p,3,Third-Party,0,0.00
dt=1&f-fc=1&c-exi=1&c-r-ot=L&s=KY&y=2018&c-t-p=3,s,KY,KY,y,2018,2018,c-t-p,3,Third-Party,0,0.00
dt=1&f-fc=1&c-exi=1&c-r-ot=L&s=LA&y=2013&c-t-p=3,s,LA,LA,y,2013,2013,c-t-p,3,Third-Party,0,0.00
dt=1&f-fc=1&c-exi=1&c-r-ot=L&s=MA&y=2013&c-t-p=3,s,MA,MA,y,2013,2013,c-t-p,3,Third-Party,0,0.00
dt=1&f-fc=1&c-exi=1&c-r-ot=L&s=MA&y=2018&c-t-p=3,s,MA,MA,y,2018,2018,c-t-p,3,Third-Party,0,0.00
dt=1&f-fc=1&c-exi=1&c-r-ot=L&s=ME&y=2010&c-t-p=3,s,ME,ME,y,2010,2010,c-t-p,3,Third-Party,0,0.00
dt=1&f-fc=1&c-exi=1&c-r-ot=L&s=MI&y=2018&c-t-p=3,s,MI,MI,y,2018,2018,c-t-p,3,Third-Party,0,0.00
dt=1&f-fc=1&c-exi=1&c-r-ot=L&s=MN&y=2012&c-t-p=3,s,MN,MN,y,2012,2012,c-t-p,3,Third-Party,0,0.00
dt=1&f-fc=1&c-exi=1&c-r-ot=L&s=MO&y=2012&c-t-p=3,s,MO,MO,y,2012,2012,c-t-p,3,Third-Party,0,0.00
dt=1&f-fc=1&c-exi=1&c-r-ot=L&s=MS&y=2016&c-t-p=3,s,MS,MS,y,2016,2016,c-t-p,3,Third-Party,0,0.00
dt=1&f-fc=1&c-exi=1&c-r-ot=L&s=MT&y=2010&c-t-p=3,s,MT,MT,y,2010,2010,c-t-p,3,Third-Party,0,0.00
dt=1&f-fc=1&c-exi=1&c-r-ot=L&s=MT&y=2012&c-t-p=3,s,MT,MT,y,2012,2012,c-t-p,3,Third-Party,0,0.00
dt=1&f-fc=1&c-exi=1&c-r-ot=L&s=MT&y=2014&c-t-p=3,s,MT,MT,y,2014,2014,c-t-p,3,Third-Party,0,0.00
dt=1&f-fc=1&c-exi=1&c-r-ot=L&s=MT&y=2016&c-t-p=3,s,MT,MT,y,2016,2016,c-t-p,3,Third-Party,0,0.00
dt=1&f-fc=1&c-exi=1&c-r-ot=L&s=NC&y=2018&c-t-p=3,s,NC,NC,y,2018,2018,c-t-p,3,Third-Party,0,0.00
dt=1&f-fc=1&c-exi=1&c-r-ot=L&s=ND&y=2012&c-t-p=3,s,ND,ND,y,2012,2012,c-t-p,3,Third-Party,0,0.00
dt=1&f-fc=1&c-exi=1&c-r-ot=L&s=ND&y=2018&c-t-p=1,s,ND,ND,y,2018,2018,c-t-p,1,Democratic,0,0.00
dt=1&f-fc=1&c-exi=1&c-r-ot=L&s=ND&y=2018&c-t-p=2,s,ND,ND,y,2018,2018,c-t-p,2,Republican,0,0.00
dt=1&f-fc=1&c-exi=1&c-r-ot=L&s=NE&y=2014&c-t-p=3,s,NE,NE,y,2014,2014,c-t-p,3,Third-Party,0,0.00
dt=1&f-fc=1&c-exi=1&c-r-ot=L&s=NE&y=2016&c-t-p=3,s,NE,NE,y,2016,2016,c-t-p,3,Third-Party,0,0.00
dt=1&f-fc=1&c-exi=1&c-r-ot=L&s=NH&y=2012&c-t-p=3,s,NH,NH,y,2012,2012,c-t-p,3,Third-Party,0,0.00
dt=1&f-fc=1&c-exi=1&c-r-ot=L&s=NH&y=2018&c-t-p=3,s,NH,NH,y,2018,2018,c-t-p,3,Third-Party,0,0.00
dt=1&f-fc=1&c-exi=1&c-r-ot=L&s=NM&y=2012&c-t-p=3,s,NM,NM,y,2012,2012,c-t-p,3,Third-Party,0,0.00
dt=1&f-fc=1&c-exi=1&c-r-ot=L&s=NM&y=2014&c-t-p=3,s,NM,NM,y,2014,2014,c-t-p,3,Third-Party,0,0.00
dt=1&f-fc=1&c-exi=1&c-r-ot=L&s=NM&y=2016&c-t-p=3,s,NM,NM,y,2016,2016,c-t-p,3,Third-Party,0,0.00
dt=1&f-fc=1&c-exi=1&c-r-ot=L&s=NV&y=2010&c-t-p=3,s,NV,NV,y,2010,2010,c-t-p,3,Third-Party,0,0.00
dt=1&f-fc=1&c-exi=1&c-r-ot=L&s=NV&y=2011&c-t-p=3,s,NV,NV,y,2011,2011,c-t-p,3,Third-Party,0,0.00
dt=1&f-fc=1&c-exi=1&c-r-ot=L&s=NV&y=2014&c-t-p=3,s,NV,NV,y,2014,2014,c-t-p,3,Third-Party,0,0.00
dt=1&f-fc=1&c-exi=1&c-r-ot=L&s=NV&y=2018&c-t-p=3,s,NV,NV,y,2018,2018,c-t-p,3,Third-Party,0,0.00
dt=1&f-fc=1&c-exi=1&c-r-ot=L&s=OK&y=2012&c-t-p=3,s,OK,OK,y,2012,2012,c-t-p,3,Third-Party,0,0.00
dt=1&f-fc=1&c-exi=1&c-r-ot=L&s=OR&y=2012&c-t-p=3,s,OR,OR,y,2012,2012,c-t-p,3,Third-Party,0,0.00
dt=1&f-fc=1&c-exi=1&c-r-ot=L&s=OR&y=2014&c-t-p=3,s,OR,OR,y,2014,2014,c-t-p,3,Third-Party,0,0.00
dt=1&f-fc=1&c-exi=1&c-r-ot=L&s=OR&y=2016&c-t-p=3,s,OR,OR,y,2016,2016,c-t-p,3,Third-Party,0,0.00
dt=1&f-fc=1&c-exi=1&c-r-ot=L&s=PA&y=2016&c-t-p=3,s,PA,PA,y,2016,2016,c-t-p,3,Third-Party,0,0.00
dt=1&f-fc=1&c-exi=1&c-r-ot=L&s=RI&y=2012&c-t-p=3,s,RI,RI,y,2012,2012,c-t-p,3,Third-Party,0,0.00
dt=1&f-fc=1&c-exi=1&c-r-ot=L&s=RI&y=2014&c-t-p=3,s,RI,RI,y,2014,2014,c-t-p,3,Third-Party,0,0.00
dt=1&f-fc=1&c-exi=1&c-r-ot=L&s=RI&y=2016&c-t-p=3,s,RI,RI,y,2016,2016,c-t-p,3,Third-Party,0,0.00
dt=1&f-fc=1&c-exi=1&c-r-ot=L&s=SC&y=2012&c-t-p=3,s,SC,SC,y,2012,2012,c-t-p,3,Third-Party,0,0.00
dt=1&f-fc=1&c-exi=1&c-r-ot=L&s=SC&y=2013&c-t-p=3,s,SC,SC,y,2013,2013,c-t-p,3,Third-Party,0,0.00
dt=1&f-fc=1&c-exi=1&c-r-ot=L&s=SC&y=2014&c-t-p=3,s,SC,SC,y,2014,2014,c-t-p,3,Third-Party,0,0.00
dt=1&f-fc=1&c-exi=1&c-r-ot=L&s=SC&y=2016&c-t-p=3,s,SC,SC,y,2016,2016,c-t-p,3,Third-Party,0,0.00
dt=1&f-fc=1&c-exi=1&c-r-ot=L&s=SC&y=2018&c-t-p=3,s,SC,SC,y,2018,2018,c-t-p,3,Third-Party,0,0.00
dt=1&f-fc=1&c-exi=1&c-r-ot=L&s=TN&y=2014&c-t-p=3,s,TN,TN,y,2014,2014,c-t-p,3,Third-Party,0,0.00
dt=1&f-fc=1&c-exi=1&c-r-ot=L&s=UT&y=2012&c-t-p=3,s,UT,UT,y,2012,2012,c-t-p,3,Third-Party,0,0.00
dt=1&f-fc=1&c-exi=1&c-r-ot=L&s=UT&y=2016&c-t-p=3,s,UT,UT,y,2016,2016,c-t-p,3,Third-Party,0,0.00
dt=1&f-fc=1&c-exi=1&c-r-ot=L&s=UT&y=2018&c-t-p=3,s,UT,UT,y,2018,2018,c-t-p,3,Third-Party,0,0.00
dt=1&f-fc=1&c-exi=1&c-r-ot=L&s=VA&y=2016&c-t-p=3,s,VA,VA,y,2016,2016,c-t-p,3,Third-Party,0,0.00
dt=1&f-fc=1&c-exi=1&c-r-ot=L&s=VT&y=2010&c-t-p=3,s,VT,VT,y,2010,2010,c-t-p,3,Third-Party,0,0.00
dt=1&f-fc=1&c-exi=1&c-r-ot=L&s=VT&y=2012&c-t-p=2,s,VT,VT,y,2012,2012,c-t-p,2,Republican,0,0.00
dt=1&f-fc=1&c-exi=1&c-r-ot=L&s=VT&y=2012&c-t-p=3,s,VT,VT,y,2012,2012,c-t-p,3,Third-Party,0,0.00
dt=1&f-fc=1&c-exi=1&c-r-ot=L&s=VT&y=2014&c-t-p=3,s,VT,VT,y,2014,2014,c-t-p,3,Third-Party,0,0.00
dt=1&f-fc=1&c-exi=1&c-r-ot=L&s=VT&y=2016&c-t-p=3,s,VT,VT,y,2016,2016,c-t-p,3,Third-Party,0,0.00
dt=1&f-fc=1&c-exi=1&c-r-ot=L&s=WI&y=2010&c-t-p=3,s,WI,WI,y,2010,2010,c-t-p,3,Third-Party,0,0.00
dt=1&f-fc=1&c-exi=1&c-r-ot=L&s=WV&y=2010&c-t-p=3,s,WV,WV,y,2010,2010,c-t-p,3,Third-Party,0,0.00
dt=1&f-fc=1&c-exi=1&c-r-ot=L&s=WY&y=2010&c-t-p=3,s,WY,WY,y,2010,2010,c-t-p,3,Third-Party,0,0.00
dt=1&f-fc=1&c-exi=1&c-r-ot=L&s=WY&y=2012&c-t-p=1,s,WY,WY,y,2012,2012,c-t-p,1,Democratic,0,0.00
dt=1&f-fc=1&c-exi=1&c-r-ot=L&s=WY&y=2014&c-t-p=1,s,WY,WY,y,2014,2014,c-t-p,1,Democratic,0,0.00
dt=1&f-fc=1&c-exi=1&c-r-ot=L&s=WY&y=2018&c-t-p=3,s,WY,WY,y,2018,2018,c-t-p,3,Third-Party,0,0.00
